run_id,manifest,space,metric,variant,value,ci_lo,ci_hi,n,d,boot
in100.floorssl.s0.e24s0b.extL,in100.pairs100.v1@audit_v1,student.h.cls,alignment,pairs,0.14744648779300767,0.14576830386395334,0.14914605857203272,10000,384,cheap
in100.floorssl.s0.e24s0b.extL,in100.pairs100.v1@audit_v1,student.h.cls,cos_invariance,pairs,0.9262767561033416,0.9253744477616939,0.9271850709852303,10000,384,cheap
in100.floorssl.s0.e24s0b.extL,in100.pairs100.v1@audit_v1,student.h.gap,alignment,pairs,0.13275805399031743,0.1312349541117215,0.13424253338383013,10000,384,cheap
in100.floorssl.s0.e24s0b.extL,in100.pairs100.v1@audit_v1,student.h.gap,cos_invariance,pairs,0.9336209730044782,0.93283194014586,0.9342733791914744,10000,384,cheap
in100.floorssl.s0.e24s0b.extL,in100.pairs100.v1@audit_v1,student.z.proj.out,alignment,pairs,0.3512164364307934,0.3437013990408761,0.3581464851071823,10000,256,cheap
in100.floorssl.s0.e24s0b.extL,in100.pairs100.v1@audit_v1,student.z.proj.out,cos_invariance,pairs,0.8243917817845684,0.8202568881796707,0.8277299024739871,10000,256,cheap
in100.floorssl.s0.e24s0b.extL,in100.pairs100.v1@audit_v1,student.z.proj.tap1,alignment,pairs,0.326364583602886,0.3208065624790834,0.33161591283943764,10000,2048,cheap
in100.floorssl.s0.e24s0b.extL,in100.pairs100.v1@audit_v1,student.z.proj.tap1,cos_invariance,pairs,0.8368177081979786,0.8336592863315692,0.8394222870471767,10000,2048,cheap
in100.floorssl.s0.e24s0b.extL,in100.pairs100.v1@audit_v1,student.z.proj.tap2,alignment,pairs,0.30523163977703943,0.29894706788052416,0.3110519145711993,10000,2048,cheap
in100.floorssl.s0.e24s0b.extL,in100.pairs100.v1@audit_v1,student.z.proj.tap2,cos_invariance,pairs,0.8473841801113875,0.8435538266393865,0.8502987698348325,10000,2048,cheap
