run_id,manifest,space,metric,variant,value,ci_lo,ci_hi,n,d,boot,null_gauss
in100.floorssl.s0.d16.ext,in100.train500.v1,student.h.cls,uniformity,raw|full,-3.8300302367012136,-3.8310881532977334,-3.8245202592218535,50000,384,cheap,-3.8510042561016418
in100.floorssl.s0.d16.ext,in100.train500.v1,student.h.cls,uniformity,raw|pca64,-3.8164188992912016,-3.8176992456847776,-3.8125969078729187,50000,64,cheap,-3.860220187528198
in100.floorssl.s0.d16.ext,in100.train500.v1,student.h.cls,variance_floor.hinge,raw|full,0.23160694497710313,0.2314748243107048,0.231801187410451,50000,384,cheap,
in100.floorssl.s0.d16.ext,in100.train500.v1,student.h.cls,variance_floor.frac_below_half_mean,raw|full,0.15104166666666666,0.1484375,0.15104166666666666,50000,384,cheap,
in100.floorssl.s0.d16.ext,in100.train500.v1,student.h.cls,variance_floor.frac_below_tenth_mean,raw|full,0.0,0.0,0.0,50000,384,cheap,
in100.floorssl.s0.d16.ext,in100.train500.v1,student.h.cls,variance_floor.min_over_mean_std,raw|full,0.19088283721249366,0.18982297300147985,0.19198222590279884,50000,384,cheap,
in100.floorssl.s0.d16.ext,in100.train500.v1,student.h.cls,offdiag_redundancy.offdiag_msq,raw|full,0.008017890115918231,0.008068662412736571,0.008184824887000024,50000,384,spectral,
in100.floorssl.s0.d16.ext,in100.train500.v1,student.h.cls,offdiag_redundancy.mean_abs_corr,raw|full,0.0633352586016876,0.06368624235553376,0.06418403957555736,50000,384,spectral,
in100.floorssl.s0.d16.ext,in100.train500.v1,student.h.cls,collapse_margin.trace_cov,raw|full,265.852011932161,,,50000,384,none,
in100.floorssl.s0.d16.ext,in100.train500.v1,student.h.cls,collapse_margin.min_std,raw|full,0.14957476995478833,,,50000,384,none,
in100.floorssl.s0.d16.ext,in100.train500.v1,student.h.cls,collapse_margin.nn_dist_p5,raw|full,9.101469758302038,,,50000,384,none,
in100.floorssl.s0.d16.ext,in100.train500.v1,student.h.cls,rankme,raw|full,271.60624456278254,270.0216697034435,270.5731130997176,50000,384,spectral,271.39864799826387
in100.floorssl.s0.d16.ext,in100.train500.v1,student.h.cls,rankme,l2|full,271.8138760816505,270.3160356555266,270.7668055429926,50000,384,spectral,271.6165745609428
in100.floorssl.s0.d16.ext,in100.train500.v1,student.h.cls,effective_rank,raw|full,183.70830777449206,181.07385423270748,182.18668050606706,50000,384,spectral,183.413832409616
in100.floorssl.s0.d16.ext,in100.train500.v1,student.h.cls,effective_rank,l2|full,183.40108385731193,180.9581910693287,181.8934399436568,50000,384,spectral,183.10891192386134
in100.floorssl.s0.d16.ext,in100.train500.v1,student.h.cls,participation_ratio,raw|full,140.3292913328174,137.56058679673384,139.00059248065196,50000,384,spectral,
in100.floorssl.s0.d16.ext,in100.train500.v1,student.h.cls,participation_ratio,l2|full,139.00204918432064,136.3075645150225,137.76119385144926,50000,384,spectral,
in100.floorssl.s0.d16.ext,in100.train500.v1,student.h.cls,alpha,raw|full,0.6840566392003824,0.6934217023009396,0.7013899165923396,50000,384,spectral,
in100.floorssl.s0.d16.ext,in100.train500.v1,student.h.cls,alpha,l2|full,0.6845379365066544,0.6940924373386037,0.699951545501522,50000,384,spectral,
in100.floorssl.s0.d16.ext,in100.train500.v1,student.h.cls,epps_pulley,raw|full,120.14807891845703,21.724097585678102,27.0047513961792,50000,384,spectral,97.25470733642578
in100.floorssl.s0.d16.ext,in100.train500.v1,student.h.cls,epps_pulley,l2|full,117.69595336914062,21.355065441131593,26.476912450790405,50000,384,spectral,99.6357192993164
in100.floorssl.s0.d16.ext,in100.train500.v1,student.h.cls,epps_pulley,raw|pca64,28.630325317382812,5.31362417936325,6.666793644428253,50000,64,spectral,0.5824064016342163
in100.floorssl.s0.d16.ext,in100.train500.v1,student.h.cls,gauss_kl_full.total,raw|full,0.7686505940005145,0.7764090552717013,0.7800521260787796,50000,384,spectral,0.7702943725855071
in100.floorssl.s0.d16.ext,in100.train500.v1,student.h.cls,gauss_kl_full.location,raw|full,0.008500582849910293,0.008403911343776752,0.008681565858191074,50000,384,spectral,0.008504026410049919
in100.floorssl.s0.d16.ext,in100.train500.v1,student.h.cls,gauss_kl_full.spectrum,raw|full,0.7601500111506042,0.7679714882452192,0.7715159002882355,50000,384,spectral,0.7617903461754573
in100.floorssl.s0.d16.ext,in100.train500.v1,student.h.cls,radial_gauss.var_ratio,raw|full,8.083310647565048,9.165260712587129,10.839274553086305,50000,384,spectral,0.9529183703580371
in100.floorssl.s0.d16.ext,in100.train500.v1,student.h.cls,radial_gauss.mean_ratio,raw|full,0.9694576145985331,1.0240331901528061,1.0409930526103974,50000,384,spectral,0.969656581341889
in100.floorssl.s0.d16.ext,in100.train500.v1,student.h.cls,kurt_topeig.mean,raw|full,0.08886952358662006,-0.12920509084663853,0.8924424628222309,50000,384,spectral,0.0034262096330369917
in100.floorssl.s0.d16.ext,in100.train500.v1,student.h.cls,kurt_topeig.worst,raw|full,1.2486768269278494,0.5816604915070327,5.589410169354079,50000,384,spectral,0.04565979306204904
in100.floorssl.s0.d16.ext,in100.train500.v1,student.h.cls,kurt_slices_mean_abs,raw|full,0.09191022375888258,0.09265883465482005,0.1168538991999788,50000,384,spectral,0.016955770689026234
in100.floorssl.s0.d16.ext,in100.train500.v1,student.h.gap,uniformity,raw|full,-1.078551686846214,-1.0935276650266237,-1.0726331555145356,50000,384,cheap,-1.1262882000837868
in100.floorssl.s0.d16.ext,in100.train500.v1,student.h.gap,uniformity,raw|pca64,-3.5773737555277827,-3.5845152374191267,-3.569103256774758,50000,64,cheap,-3.662295522858328
in100.floorssl.s0.d16.ext,in100.train500.v1,student.h.gap,variance_floor.hinge,raw|full,0.7685843562271772,0.7680862654466213,0.7690533772104544,50000,384,cheap,
in100.floorssl.s0.d16.ext,in100.train500.v1,student.h.gap,variance_floor.frac_below_half_mean,raw|full,0.1640625,0.1640625,0.16927083333333334,50000,384,cheap,
in100.floorssl.s0.d16.ext,in100.train500.v1,student.h.gap,variance_floor.frac_below_tenth_mean,raw|full,0.0,0.0,0.0,50000,384,cheap,
in100.floorssl.s0.d16.ext,in100.train500.v1,student.h.gap,variance_floor.min_over_mean_std,raw|full,0.19419764111696391,0.19286745507900852,0.19535115764274258,50000,384,cheap,
in100.floorssl.s0.d16.ext,in100.train500.v1,student.h.gap,offdiag_redundancy.offdiag_msq,raw|full,0.030346296661749216,0.03016251449511899,0.030801301579651972,50000,384,spectral,
in100.floorssl.s0.d16.ext,in100.train500.v1,student.h.gap,offdiag_redundancy.mean_abs_corr,raw|full,0.138914726527514,0.13847096506894366,0.14003714918782645,50000,384,spectral,
in100.floorssl.s0.d16.ext,in100.train500.v1,student.h.gap,collapse_margin.trace_cov,raw|full,24.183885863327532,,,50000,384,none,
in100.floorssl.s0.d16.ext,in100.train500.v1,student.h.gap,collapse_margin.min_std,raw|full,0.044940372138440016,,,50000,384,none,
in100.floorssl.s0.d16.ext,in100.train500.v1,student.h.gap,collapse_margin.nn_dist_p5,raw|full,3.130273826716959,,,50000,384,none,
in100.floorssl.s0.d16.ext,in100.train500.v1,student.h.gap,rankme,raw|full,158.01232182196617,156.75884250267515,157.23963262038203,50000,384,spectral,157.87535952918668
in100.floorssl.s0.d16.ext,in100.train500.v1,student.h.gap,rankme,l2|full,157.52801696976096,156.38237126889905,156.81837587610613,50000,384,spectral,157.384793030072
in100.floorssl.s0.d16.ext,in100.train500.v1,student.h.gap,effective_rank,raw|full,59.12079554142918,58.31600584492484,59.25467139619326,50000,384,spectral,59.151174768398434
in100.floorssl.s0.d16.ext,in100.train500.v1,student.h.gap,effective_rank,l2|full,60.16718469355052,59.4027812368249,60.31019302743153,50000,384,spectral,60.19452808387665
in100.floorssl.s0.d16.ext,in100.train500.v1,student.h.gap,participation_ratio,raw|full,25.986994238259022,25.51106597765499,26.261938519470345,50000,384,spectral,
in100.floorssl.s0.d16.ext,in100.train500.v1,student.h.gap,participation_ratio,l2|full,26.572148308198408,26.131232721442604,26.87346448373178,50000,384,spectral,
in100.floorssl.s0.d16.ext,in100.train500.v1,student.h.gap,alpha,raw|full,1.4552663049601098,1.4594021928633547,1.463864636373395,50000,384,spectral,
in100.floorssl.s0.d16.ext,in100.train500.v1,student.h.gap,alpha,l2|full,1.4479713587451153,1.451869926399054,1.4557444245003246,50000,384,spectral,
in100.floorssl.s0.d16.ext,in100.train500.v1,student.h.gap,epps_pulley,raw|full,488.48577880859375,83.25782718658448,101.29849529266356,50000,384,spectral,370.366943359375
in100.floorssl.s0.d16.ext,in100.train500.v1,student.h.gap,epps_pulley,l2|full,463.76861572265625,73.89405670166016,94.47172851562499,50000,384,spectral,372.6436462402344
in100.floorssl.s0.d16.ext,in100.train500.v1,student.h.gap,epps_pulley,raw|pca64,55.75240707397461,10.258046674728394,12.498910307884216,50000,64,spectral,0.5665782690048218
in100.floorssl.s0.d16.ext,in100.train500.v1,student.h.gap,gauss_kl_full.total,raw|full,2.139171055446741,2.146260874764772,2.1524903556309423,50000,384,spectral,2.1410878784764957
in100.floorssl.s0.d16.ext,in100.train500.v1,student.h.gap,gauss_kl_full.location,raw|full,0.07505811569187543,0.0749176676745263,0.0751933068388217,50000,384,spectral,0.0750380379096209
in100.floorssl.s0.d16.ext,in100.train500.v1,student.h.gap,gauss_kl_full.spectrum,raw|full,2.0641129397548656,2.0713074521652404,2.077517021915701,50000,384,spectral,2.066049840566875
in100.floorssl.s0.d16.ext,in100.train500.v1,student.h.gap,radial_gauss.var_ratio,raw|full,44.80012927025722,38.1845644449899,54.283420868927074,50000,384,spectral,0.9351605933322394
in100.floorssl.s0.d16.ext,in100.train500.v1,student.h.gap,radial_gauss.mean_ratio,raw|full,0.9746819020830765,1.0205294030318586,1.0462888401360007,50000,384,spectral,0.9607826747283958
in100.floorssl.s0.d16.ext,in100.train500.v1,student.h.gap,kurt_topeig.mean,raw|full,0.6936171126770801,0.5387241676071407,0.7973199097971229,50000,384,spectral,-0.0016643446951696284
in100.floorssl.s0.d16.ext,in100.train500.v1,student.h.gap,kurt_topeig.worst,raw|full,1.7291410082922924,1.415550591365535,2.9469130047831147,50000,384,spectral,0.03615537415735304
in100.floorssl.s0.d16.ext,in100.train500.v1,student.h.gap,kurt_slices_mean_abs,raw|full,0.6144554043928645,0.5074747387557872,0.6486286143674682,50000,384,spectral,0.01773707835356579
in100.floorssl.s0.d16.ext,in100.train500.v1,student.z.proj.out,uniformity,raw|full,-2.7783565261876237,-2.79176112528216,-2.754843126619719,50000,16,cheap,-3.500665529862749
in100.floorssl.s0.d16.ext,in100.train500.v1,student.z.proj.out,variance_floor.hinge,raw|full,0.1135509917175485,0.10700324692750687,0.11980339686357418,50000,16,cheap,
in100.floorssl.s0.d16.ext,in100.train500.v1,student.z.proj.out,variance_floor.frac_below_half_mean,raw|full,0.0,0.0,0.0,50000,16,cheap,
in100.floorssl.s0.d16.ext,in100.train500.v1,student.z.proj.out,variance_floor.frac_below_tenth_mean,raw|full,0.0,0.0,0.0,50000,16,cheap,
in100.floorssl.s0.d16.ext,in100.train500.v1,student.z.proj.out,variance_floor.min_over_mean_std,raw|full,0.9698456852479297,0.9624144697531611,0.9759427726943519,50000,16,cheap,
in100.floorssl.s0.d16.ext,in100.train500.v1,student.z.proj.out,offdiag_redundancy.offdiag_msq,raw|full,0.0018595439683547546,0.0017344761381702554,0.002634780625634525,50000,16,spectral,
in100.floorssl.s0.d16.ext,in100.train500.v1,student.z.proj.out,offdiag_redundancy.mean_abs_corr,raw|full,0.03462195797893602,0.033258971393299454,0.04122730782086688,50000,16,spectral,
in100.floorssl.s0.d16.ext,in100.train500.v1,student.z.proj.out,collapse_margin.trace_cov,raw|full,12.576452865678593,,,50000,16,none,
in100.floorssl.s0.d16.ext,in100.train500.v1,student.z.proj.out,collapse_margin.min_std,raw|full,0.8597187458760117,,,50000,16,none,
in100.floorssl.s0.d16.ext,in100.train500.v1,student.z.proj.out,collapse_margin.nn_dist_p5,raw|full,0.205497127920135,,,50000,16,none,
in100.floorssl.s0.d16.ext,in100.train500.v1,student.z.proj.out,rankme,raw|full,15.935028353854854,15.903724640812527,15.940918957955109,50000,16,spectral,15.932332914808525
in100.floorssl.s0.d16.ext,in100.train500.v1,student.z.proj.out,rankme,l2|full,14.798483589721222,14.76788749540791,14.835762401746972,50000,16,spectral,14.785551952692682
in100.floorssl.s0.d16.ext,in100.train500.v1,student.z.proj.out,effective_rank,raw|full,15.758981277222494,15.652249264396328,15.775881986572667,50000,16,spectral,15.747971649483466
in100.floorssl.s0.d16.ext,in100.train500.v1,student.z.proj.out,effective_rank,l2|full,11.79512828603535,11.72217248935088,11.917254310963095,50000,16,spectral,11.759910482384852
in100.floorssl.s0.d16.ext,in100.train500.v1,student.z.proj.out,participation_ratio,raw|full,15.5511533003253,15.364581403991727,15.57791283595973,50000,16,spectral,
in100.floorssl.s0.d16.ext,in100.train500.v1,student.z.proj.out,participation_ratio,l2|full,9.232488483593565,9.14433923778722,9.383246756286518,50000,16,spectral,
in100.floorssl.s0.d16.ext,in100.train500.v1,student.z.proj.out,alpha,raw|full,0.20211895530596005,0.19292871163203337,0.2435742806981709,50000,16,spectral,
in100.floorssl.s0.d16.ext,in100.train500.v1,student.z.proj.out,alpha,l2|full,0.9592242051583705,0.9427273984974652,0.9767592571864399,50000,16,spectral,
in100.floorssl.s0.d16.ext,in100.train500.v1,student.z.proj.out,epps_pulley,raw|full,2736.81396484375,527.0636672973633,584.4459777832031,50000,16,spectral,20.730056762695312
in100.floorssl.s0.d16.ext,in100.train500.v1,student.z.proj.out,epps_pulley,l2|full,1176.162353515625,199.53791313171388,241.62552871704096,50000,16,spectral,437.87200927734375
in100.floorssl.s0.d16.ext,in100.train500.v1,student.z.proj.out,gauss_kl_full.total,raw|full,0.021764288045408323,0.018069447103671293,0.02627459139187847,50000,16,spectral,0.02193899685502952
in100.floorssl.s0.d16.ext,in100.train500.v1,student.z.proj.out,gauss_kl_full.location,raw|full,0.0002225796648335449,0.00018611771901058641,0.0003514793263319732,50000,16,spectral,0.00020651775026530624
in100.floorssl.s0.d16.ext,in100.train500.v1,student.z.proj.out,gauss_kl_full.spectrum,raw|full,0.021541708380574776,0.01777723690002342,0.026024394710500408,50000,16,spectral,0.021732479104764217
in100.floorssl.s0.d16.ext,in100.train500.v1,student.z.proj.out,radial_gauss.var_ratio,raw|full,24.284674067370972,20.878830946408446,30.277600766461067,50000,16,spectral,0.9843339051423199
in100.floorssl.s0.d16.ext,in100.train500.v1,student.z.proj.out,radial_gauss.mean_ratio,raw|full,1.0197877219140266,0.9578118736226853,1.0820947755244987,50000,16,spectral,0.9989471501897398
in100.floorssl.s0.d16.ext,in100.train500.v1,student.z.proj.out,kurt_topeig.mean,raw|full,14.416981700633215,10.625126217336108,20.928161479412356,50000,16,spectral,-0.0033842495411812836
in100.floorssl.s0.d16.ext,in100.train500.v1,student.z.proj.out,kurt_topeig.worst,raw|full,58.436711846388384,21.525654642015567,68.30804009436257,50000,16,spectral,0.038349207471226165
in100.floorssl.s0.d16.ext,in100.train500.v1,student.z.proj.out,kurt_slices_mean_abs,raw|full,6.8348505901414764,6.330339608126402,7.126590275092564,50000,16,spectral,0.017615360607832566
in100.floorssl.s0.d16.ext,in100.train500.v1,student.z.proj.tap1,uniformity,raw|full,-3.2330699707058956,-3.2429236643028125,-3.2208677600606994,50000,2048,cheap,-3.469159839993043
in100.floorssl.s0.d16.ext,in100.train500.v1,student.z.proj.tap1,uniformity,raw|pca64,-3.2776466201777406,-3.293157264872911,-3.2673322576986488,50000,64,cheap,-3.5999140915109424
in100.floorssl.s0.d16.ext,in100.train500.v1,student.z.proj.tap1,variance_floor.hinge,raw|full,0.9784782219897161,0.9783311516786317,0.978648535659911,50000,2048,cheap,
in100.floorssl.s0.d16.ext,in100.train500.v1,student.z.proj.tap1,variance_floor.frac_below_half_mean,raw|full,0.16552734375,0.1640625,0.16845703125,50000,2048,cheap,
in100.floorssl.s0.d16.ext,in100.train500.v1,student.z.proj.tap1,variance_floor.frac_below_tenth_mean,raw|full,0.015625,0.0146484375,0.01708984375,50000,2048,cheap,
in100.floorssl.s0.d16.ext,in100.train500.v1,student.z.proj.tap1,variance_floor.min_over_mean_std,raw|full,0.0,0.0,0.0,50000,2048,cheap,
in100.floorssl.s0.d16.ext,in100.train500.v1,student.z.proj.tap1,offdiag_redundancy.offdiag_msq,raw|full,0.018930120192153576,0.01855485971050618,0.019676033772130785,50000,2048,spectral,
in100.floorssl.s0.d16.ext,in100.train500.v1,student.z.proj.tap1,offdiag_redundancy.mean_abs_corr,raw|full,0.07088085995465308,0.07033419020559104,0.07216949571347948,50000,2048,spectral,
in100.floorssl.s0.d16.ext,in100.train500.v1,student.z.proj.tap1,collapse_margin.trace_cov,raw|full,1.5145385056159295,,,50000,2048,none,
in100.floorssl.s0.d16.ext,in100.train500.v1,student.z.proj.tap1,collapse_margin.min_std,raw|full,0.0,,,50000,2048,none,
in100.floorssl.s0.d16.ext,in100.train500.v1,student.z.proj.tap1,collapse_margin.nn_dist_p5,raw|full,0.3451603384285745,,,50000,2048,none,
in100.floorssl.s0.d16.ext,in100.train500.v1,student.z.proj.tap1,rankme,raw|full,848.7145234657787,795.5493003713473,826.840328873023,50000,2048,spectral,842.3665809357244
in100.floorssl.s0.d16.ext,in100.train500.v1,student.z.proj.tap1,rankme,l2|full,1175.8940502351995,1124.4690250589529,1133.0330927869752,50000,2048,spectral,1168.5607005364054
in100.floorssl.s0.d16.ext,in100.train500.v1,student.z.proj.tap1,effective_rank,raw|full,50.087783562826885,45.671783320038955,52.546503286625075,50000,2048,spectral,49.83143405000942
in100.floorssl.s0.d16.ext,in100.train500.v1,student.z.proj.tap1,effective_rank,l2|full,169.76533154474623,163.2086630455346,166.61851974125926,50000,2048,spectral,168.36894683927827
in100.floorssl.s0.d16.ext,in100.train500.v1,student.z.proj.tap1,participation_ratio,raw|full,21.47386405793041,19.35136434436902,23.108210114894415,50000,2048,spectral,
in100.floorssl.s0.d16.ext,in100.train500.v1,student.z.proj.tap1,participation_ratio,l2|full,48.815234197995025,47.90249635021181,49.25602544399465,50000,2048,spectral,
in100.floorssl.s0.d16.ext,in100.train500.v1,student.z.proj.tap1,alpha,raw|full,1.6691194229917865,1.6503573610477977,1.6823129259231195,50000,2048,spectral,
in100.floorssl.s0.d16.ext,in100.train500.v1,student.z.proj.tap1,alpha,l2|full,1.1874323147514079,1.1753875520430315,1.185724590156021,50000,2048,spectral,
in100.floorssl.s0.d16.ext,in100.train500.v1,student.z.proj.tap1,epps_pulley,raw|full,1586.4161376953125,303.36768341064453,333.730216217041,50000,2048,spectral,231.24627685546875
in100.floorssl.s0.d16.ext,in100.train500.v1,student.z.proj.tap1,epps_pulley,l2|full,240.29434204101562,42.187992095947266,51.10538749694824,50000,2048,spectral,92.46435546875
in100.floorssl.s0.d16.ext,in100.train500.v1,student.z.proj.tap1,epps_pulley,raw|pca64,1057.928466796875,196.92633514404298,238.39007225036622,50000,64,spectral,0.5701659917831421
in100.floorssl.s0.d16.ext,in100.train500.v1,student.z.proj.tap1,gauss_kl_full.total,raw|full,4.634755646698668,4.692200334584257,4.701878033958122,50000,2048,spectral,4.643919591456681
in100.floorssl.s0.d16.ext,in100.train500.v1,student.z.proj.tap1,gauss_kl_full.location,raw|full,2.1446663056202253e-05,2.1166312671690995e-05,2.1972093685466522e-05,50000,2048,spectral,2.151434700667441e-05
in100.floorssl.s0.d16.ext,in100.train500.v1,student.z.proj.tap1,gauss_kl_full.spectrum,raw|full,4.634734200035612,4.692178649105186,4.701856595894066,50000,2048,spectral,4.643898077109674
in100.floorssl.s0.d16.ext,in100.train500.v1,student.z.proj.tap1,radial_gauss.var_ratio,raw|full,403.3953125517317,1308.9539921502771,2287.6947792776145,50000,2048,spectral,1.1730463491047134
in100.floorssl.s0.d16.ext,in100.train500.v1,student.z.proj.tap1,radial_gauss.mean_ratio,raw|full,1.0570290707196175,1.633589255698403,1.7312168397928631,50000,2048,spectral,1.0228088516258917
in100.floorssl.s0.d16.ext,in100.train500.v1,student.z.proj.tap1,kurt_topeig.mean,raw|full,85.36078869134518,86.58229583712982,123.5892100362494,50000,2048,spectral,-0.0018090121198030662
in100.floorssl.s0.d16.ext,in100.train500.v1,student.z.proj.tap1,kurt_topeig.worst,raw|full,177.27474759305713,155.58200865390017,216.1021622842764,50000,2048,spectral,0.03273652690521667
in100.floorssl.s0.d16.ext,in100.train500.v1,student.z.proj.tap1,kurt_slices_mean_abs,raw|full,16.544156438145663,15.123452927521605,17.659603050056482,50000,2048,spectral,0.016883856067817803
in100.floorssl.s0.d16.ext,in100.train500.v1,student.z.proj.tap2,uniformity,raw|full,-2.386544376298019,-2.412921645202829,-2.364394490179716,50000,2048,cheap,-3.3096483577710862
in100.floorssl.s0.d16.ext,in100.train500.v1,student.z.proj.tap2,uniformity,raw|pca64,-2.982238812387795,-3.003030987042826,-2.960334080801066,50000,64,cheap,-3.641050392622796
in100.floorssl.s0.d16.ext,in100.train500.v1,student.z.proj.tap2,variance_floor.hinge,raw|full,0.9530543201940143,0.9526647554384595,0.9535254428152548,50000,2048,cheap,
in100.floorssl.s0.d16.ext,in100.train500.v1,student.z.proj.tap2,variance_floor.frac_below_half_mean,raw|full,0.61474609375,0.61376953125,0.6162109375,50000,2048,cheap,
in100.floorssl.s0.d16.ext,in100.train500.v1,student.z.proj.tap2,variance_floor.frac_below_tenth_mean,raw|full,0.5732421875,0.572265625,0.57373046875,50000,2048,cheap,
in100.floorssl.s0.d16.ext,in100.train500.v1,student.z.proj.tap2,variance_floor.min_over_mean_std,raw|full,0.0,0.0,0.0,50000,2048,cheap,
in100.floorssl.s0.d16.ext,in100.train500.v1,student.z.proj.tap2,offdiag_redundancy.offdiag_msq,raw|full,0.00509009998649033,0.0050765893583080025,0.0051454396135390814,50000,2048,spectral,
in100.floorssl.s0.d16.ext,in100.train500.v1,student.z.proj.tap2,offdiag_redundancy.mean_abs_corr,raw|full,0.01579360552759846,0.01578203182447743,0.015899744871655613,50000,2048,spectral,
in100.floorssl.s0.d16.ext,in100.train500.v1,student.z.proj.tap2,collapse_margin.trace_cov,raw|full,15.460408732980504,,,50000,2048,none,
in100.floorssl.s0.d16.ext,in100.train500.v1,student.z.proj.tap2,collapse_margin.min_std,raw|full,0.0,,,50000,2048,none,
in100.floorssl.s0.d16.ext,in100.train500.v1,student.z.proj.tap2,collapse_margin.nn_dist_p5,raw|full,0.3817272132266838,,,50000,2048,none,
in100.floorssl.s0.d16.ext,in100.train500.v1,student.z.proj.tap2,rankme,raw|full,189.6937511675309,183.02838809716812,189.13607650790905,50000,2048,spectral,189.0806444633264
in100.floorssl.s0.d16.ext,in100.train500.v1,student.z.proj.tap2,rankme,l2|full,301.8650084214018,295.60977058944405,297.9519454498989,50000,2048,spectral,300.9507034036246
in100.floorssl.s0.d16.ext,in100.train500.v1,student.z.proj.tap2,effective_rank,raw|full,31.93562643929632,30.669233435003775,32.45281884616413,50000,2048,spectral,31.882280238162597
in100.floorssl.s0.d16.ext,in100.train500.v1,student.z.proj.tap2,effective_rank,l2|full,41.68583958422155,41.11318854439213,41.831324886456166,50000,2048,spectral,41.51670297109195
in100.floorssl.s0.d16.ext,in100.train500.v1,student.z.proj.tap2,participation_ratio,raw|full,21.84459673401478,20.557864622074888,22.342902012560103,50000,2048,spectral,
in100.floorssl.s0.d16.ext,in100.train500.v1,student.z.proj.tap2,participation_ratio,l2|full,19.08844743178437,18.833293771542966,19.367097172537,50000,2048,spectral,
in100.floorssl.s0.d16.ext,in100.train500.v1,student.z.proj.tap2,alpha,raw|full,2.246058088909682,2.2326826072102395,2.26371089569186,50000,2048,spectral,
in100.floorssl.s0.d16.ext,in100.train500.v1,student.z.proj.tap2,alpha,l2|full,1.7102326551555966,1.7054379315344868,1.7157003818548124,50000,2048,spectral,
in100.floorssl.s0.d16.ext,in100.train500.v1,student.z.proj.tap2,epps_pulley,raw|full,7050.08984375,1364.9084869384765,1431.004815673828,50000,2048,spectral,3671.43994140625
in100.floorssl.s0.d16.ext,in100.train500.v1,student.z.proj.tap2,epps_pulley,l2|full,4300.0478515625,822.586833190918,886.2802276611328,50000,2048,spectral,3611.043212890625
in100.floorssl.s0.d16.ext,in100.train500.v1,student.z.proj.tap2,epps_pulley,raw|pca64,1781.6673583984375,340.0493103027344,388.1138343811035,50000,64,spectral,0.5754292011260986
in100.floorssl.s0.d16.ext,in100.train500.v1,student.z.proj.tap2,gauss_kl_full.total,raw|full,4.7170344422168355,4.708780961131013,4.741005842415523,50000,2048,spectral,4.717552531125882
in100.floorssl.s0.d16.ext,in100.train500.v1,student.z.proj.tap2,gauss_kl_full.location,raw|full,0.00039751979650636253,0.00039478579917884597,0.00040400099611133416,50000,2048,spectral,0.0003983286531837484
in100.floorssl.s0.d16.ext,in100.train500.v1,student.z.proj.tap2,gauss_kl_full.spectrum,raw|full,4.716636922420329,4.708376960134901,4.740610437644775,50000,2048,spectral,4.717154202472699
in100.floorssl.s0.d16.ext,in100.train500.v1,student.z.proj.tap2,radial_gauss.var_ratio,raw|full,58.368738333447574,85.79281224598564,155.00256399321694,50000,2048,spectral,0.377612040125004
in100.floorssl.s0.d16.ext,in100.train500.v1,student.z.proj.tap2,radial_gauss.mean_ratio,raw|full,0.39202762221624754,0.4477168698465005,0.4707469647690606,50000,2048,spectral,0.3854405123282541
in100.floorssl.s0.d16.ext,in100.train500.v1,student.z.proj.tap2,kurt_topeig.mean,raw|full,71.2068311536506,56.274746740115035,87.96311020744986,50000,2048,spectral,-0.0015135416194313577
in100.floorssl.s0.d16.ext,in100.train500.v1,student.z.proj.tap2,kurt_topeig.worst,raw|full,152.7710864070424,101.9330100792314,170.26253933679416,50000,2048,spectral,0.03155126755362492
in100.floorssl.s0.d16.ext,in100.train500.v1,student.z.proj.tap2,kurt_slices_mean_abs,raw|full,17.205802449357307,17.00625867333622,20.07772536236018,50000,2048,spectral,0.017803800560208655
