tag,epoch,train_loss,miou,best
in1k.pub.okdinos100.seg,1,1.4176122782445406,0.2244725227355957,0.2244725227355957
in1k.pub.okdinos100.seg,2,1.206337449435569,0.23271383345127106,0.23271383345127106
in1k.pub.okdinos100.seg,3,1.1788498208964173,0.23154619336128235,0.23271383345127106
in1k.pub.okdinos100.seg,4,1.1648338265434097,0.23650555312633514,0.23650555312633514
in1k.pub.okdinos100.seg,5,1.1531524718562258,0.23382848501205444,0.23650555312633514
in1k.pub.okdinos100.seg,6,1.1456125491782079,0.2337304651737213,0.23650555312633514
in1k.pub.okdinos100.seg,7,1.1440687234265894,0.23616153001785278,0.23650555312633514
in1k.pub.okdinos100.seg,8,1.1372965856726411,0.23849396407604218,0.23849396407604218
in1k.pub.okdinos100.seg,9,1.1312343640417992,0.24257761240005493,0.24257761240005493
in1k.pub.okdinos100.seg,10,1.1280878616756276,0.24614585936069489,0.24614585936069489
in1k.pub.okdinos100.seg,11,1.1236000493451763,0.24037116765975952,0.24614585936069489
in1k.pub.okdinos100.seg,12,1.1238074951062473,0.24225275218486786,0.24614585936069489
in1k.pub.okdinos100.seg,13,1.1220969526167912,0.24426229298114777,0.24614585936069489
in1k.pub.okdinos100.seg,14,1.1193784428642521,0.24134193360805511,0.24614585936069489
in1k.pub.okdinos100.seg,15,1.1137015996382962,0.24364201724529266,0.24614585936069489
in1k.pub.okdinos100.seg,16,1.117394234560713,0.24479110538959503,0.24614585936069489
in1k.pub.okdinos100.seg,17,1.112505589199217,0.24338379502296448,0.24614585936069489
in1k.pub.okdinos100.seg,18,1.112915401311615,0.2434895783662796,0.24614585936069489
in1k.pub.okdinos100.seg,19,1.1084979710793947,0.24599866569042206,0.24614585936069489
in1k.pub.okdinos100.seg,20,1.106271839830317,0.24275001883506775,0.24614585936069489
in1k.pub.okdinos100.seg,21,1.1070034246938893,0.248409241437912,0.248409241437912
in1k.pub.okdinos100.seg,22,1.1038224576866325,0.24806159734725952,0.248409241437912
in1k.pub.okdinos100.seg,23,1.1034129254897185,0.24997207522392273,0.24997207522392273
in1k.pub.okdinos100.seg,24,1.0975792247188996,0.24635739624500275,0.24997207522392273
in1k.pub.okdinos100.seg,25,1.0994785179537307,0.24626612663269043,0.24997207522392273
in1k.pub.okdinos100.seg,26,1.095275868296246,0.24689516425132751,0.24997207522392273
in1k.pub.okdinos100.seg,27,1.0969174106287052,0.2482621818780899,0.24997207522392273
in1k.pub.okdinos100.seg,28,1.0933881982029239,0.24758389592170715,0.24997207522392273
in1k.pub.okdinos100.seg,29,1.090715499335452,0.24906586110591888,0.24997207522392273
in1k.pub.okdinos100.seg,30,1.0900349372738525,0.24747931957244873,0.24997207522392273
in1k.pub.okdinos100.seg,31,1.087546493292232,0.24706023931503296,0.24997207522392273
in1k.pub.okdinos100.seg,32,1.0879405069907633,0.2485315501689911,0.24997207522392273
in1k.pub.okdinos100.seg,33,1.0855631661848932,0.24864766001701355,0.24997207522392273
in1k.pub.okdinos100.seg,34,1.0865440506346618,0.24985763430595398,0.24997207522392273
in1k.pub.okdinos100.seg,35,1.0824085465526279,0.24854472279548645,0.24997207522392273
in1k.pub.okdinos100.seg,36,1.0818267855085903,0.25119176506996155,0.25119176506996155
in1k.pub.okdinos100.seg,37,1.075692937626869,0.25069868564605713,0.25119176506996155
in1k.pub.okdinos100.seg,38,1.0741100207537035,0.25110235810279846,0.25119176506996155
in1k.pub.okdinos100.seg,39,1.0730942556092256,0.2511739432811737,0.25119176506996155
in1k.pub.okdinos100.seg,40,1.0720972736142105,0.25085723400115967,0.25119176506996155
