run_id,manifest,kind,space,split,j,value,lam,pred_resid,obs_resid,pred_resid_noiseless
in100.lejepa.s0.null.extL,in100.pairs100.v1@audit_v1.o8,theta,student.z.embed,,0,51.51667711259292,,,,
in100.lejepa.s0.null.extL,in100.pairs100.v1@audit_v1.o8,theta,student.z.embed,,1,28.133438657759097,,,,
in100.lejepa.s0.null.extL,in100.pairs100.v1@audit_v1.o8,theta,student.z.embed,,2,23.28853837270041,,,,
in100.lejepa.s0.null.extL,in100.pairs100.v1@audit_v1.o8,theta,student.z.embed,,3,21.34134694548168,,,,
in100.lejepa.s0.null.extL,in100.pairs100.v1@audit_v1.o8,theta,student.z.embed,,4,17.321612180256736,,,,
in100.lejepa.s0.null.extL,in100.pairs100.v1@audit_v1.o8,theta,student.z.embed,,5,14.36540536349693,,,,
in100.lejepa.s0.null.extL,in100.pairs100.v1@audit_v1.o8,theta,student.z.embed,,6,13.155094587854308,,,,
in100.lejepa.s0.null.extL,in100.pairs100.v1@audit_v1.o8,theta,student.z.embed,,7,10.261403758535852,,,,
in100.lejepa.s0.null.extL,in100.pairs100.v1@audit_v1.o8,theta,student.z.embed,,8,9.65429502095095,,,,
in100.lejepa.s0.null.extL,in100.pairs100.v1@audit_v1.o8,theta,student.z.embed,,9,7.638122087934354,,,,
in100.lejepa.s0.null.extL,in100.pairs100.v1@audit_v1.o8,theta,student.z.embed,,10,7.197849580822532,,,,
in100.lejepa.s0.null.extL,in100.pairs100.v1@audit_v1.o8,theta,student.z.embed,,11,5.3379966076542,,,,
in100.lejepa.s0.null.extL,in100.pairs100.v1@audit_v1.o8,theta,student.z.embed,,12,4.940598979587328,,,,
in100.lejepa.s0.null.extL,in100.pairs100.v1@audit_v1.o8,theta,student.z.embed,,13,3.0422711476489996,,,,
in100.lejepa.s0.null.extL,in100.pairs100.v1@audit_v1.o8,theta,student.z.embed,,14,2.835116007069139,,,,
in100.lejepa.s0.null.extL,in100.pairs100.v1@audit_v1.o8,theta,student.z.embed,,15,1.7921693518561213,,,,
in100.lejepa.s0.null.extL,in100.pairs100.v1@audit_v1.o8,theta,student.z.embed,,16,1.5456491379404311,,,,
in100.lejepa.s0.null.extL,in100.pairs100.v1@audit_v1.o8,fidelity,student.z.embed,,0,,53.37946754684551,14.3264775930108,14.210002058826973,0.9816107062994218
in100.lejepa.s0.null.extL,in100.pairs100.v1@audit_v1.o8,fidelity,student.z.embed,,1,,27.795609623183513,7.914174889584695,7.870235674985648,0.9652724837888171
in100.lejepa.s0.null.extL,in100.pairs100.v1@audit_v1.o8,fidelity,student.z.embed,,2,,23.573838312899525,6.852765894671382,6.637914137044268,0.9593063164465003
in100.lejepa.s0.null.extL,in100.pairs100.v1@audit_v1.o8,fidelity,student.z.embed,,3,,20.361337508109763,6.043520828970332,6.085831850286384,0.953186451942892
in100.lejepa.s0.null.extL,in100.pairs100.v1@audit_v1.o8,fidelity,student.z.embed,,4,,16.49110105735035,5.065603334639098,4.98468322743083,0.9428280703015111
in100.lejepa.s0.null.extL,in100.pairs100.v1@audit_v1.o8,fidelity,student.z.embed,,5,,13.754578825112514,4.370869135599148,4.476273059138789,0.9322244293210197
in100.lejepa.s0.null.extL,in100.pairs100.v1@audit_v1.o8,fidelity,student.z.embed,,6,,13.569153561879377,4.323650223142366,4.374245545311952,0.9313618326725219
in100.lejepa.s0.null.extL,in100.pairs100.v1@audit_v1.o8,fidelity,student.z.embed,,7,,10.653728698596108,3.5776227289459994,3.67070044379747,0.9141905542969722
in100.lejepa.s0.null.extL,in100.pairs100.v1@audit_v1.o8,fidelity,student.z.embed,,8,,9.697609093723527,3.3309234417369176,3.328078459377376,0.906521168306036
in100.lejepa.s0.null.extL,in100.pairs100.v1@audit_v1.o8,fidelity,student.z.embed,,9,,7.151927608778556,2.665311529248352,2.6331213894554772,0.8773296270537128
in100.lejepa.s0.null.extL,in100.pairs100.v1@audit_v1.o8,fidelity,student.z.embed,,10,,7.094542275345537,2.6500955382844635,2.564188493362925,0.8764599694480795
in100.lejepa.s0.null.extL,in100.pairs100.v1@audit_v1.o8,fidelity,student.z.embed,,11,,5.2465323025463135,2.151544253300326,2.1938689859815423,0.8399111776637473
in100.lejepa.s0.null.extL,in100.pairs100.v1@audit_v1.o8,fidelity,student.z.embed,,12,,4.912908983191481,2.0591057519878553,2.0571779323448114,0.830878506189985
in100.lejepa.s0.null.extL,in100.pairs100.v1@audit_v1.o8,fidelity,student.z.embed,,13,,3.042066229599653,1.5131183350063515,1.596852633219608,0.7526017776064383
in100.lejepa.s0.null.extL,in100.pairs100.v1@audit_v1.o8,fidelity,student.z.embed,,14,,2.7796751686436103,1.4303457917358782,1.436219730900357,0.7354269995749756
in100.lejepa.s0.null.extL,in100.pairs100.v1@audit_v1.o8,fidelity,student.z.embed,,15,,1.771825351401253,1.082183246755499,1.051650057518945,0.6392269089051857
in100.lejepa.s0.null.extL,in100.pairs100.v1@audit_v1.o8,fidelity,student.z.embed,,16,,1.5102687772054149,0.9792034776027534,0.9186932306295599,0.6016362833013996
in100.lejepa.s0.null.extL,in100.pairs100.v1@audit_v1.o8,theta,student.z.proj.out,,0,45.86473025872463,,,,
in100.lejepa.s0.null.extL,in100.pairs100.v1@audit_v1.o8,theta,student.z.proj.out,,1,40.94754693764488,,,,
in100.lejepa.s0.null.extL,in100.pairs100.v1@audit_v1.o8,theta,student.z.proj.out,,2,38.399035154012566,,,,
in100.lejepa.s0.null.extL,in100.pairs100.v1@audit_v1.o8,theta,student.z.proj.out,,3,30.73389521778129,,,,
in100.lejepa.s0.null.extL,in100.pairs100.v1@audit_v1.o8,theta,student.z.proj.out,,4,24.857242470738658,,,,
in100.lejepa.s0.null.extL,in100.pairs100.v1@audit_v1.o8,theta,student.z.proj.out,,5,22.11894827410157,,,,
in100.lejepa.s0.null.extL,in100.pairs100.v1@audit_v1.o8,theta,student.z.proj.out,,6,17.436708334626083,,,,
in100.lejepa.s0.null.extL,in100.pairs100.v1@audit_v1.o8,theta,student.z.proj.out,,7,15.899976911130251,,,,
in100.lejepa.s0.null.extL,in100.pairs100.v1@audit_v1.o8,theta,student.z.proj.out,,8,15.45774816931124,,,,
in100.lejepa.s0.null.extL,in100.pairs100.v1@audit_v1.o8,theta,student.z.proj.out,,9,14.27977834830408,,,,
in100.lejepa.s0.null.extL,in100.pairs100.v1@audit_v1.o8,theta,student.z.proj.out,,10,8.61332619208792,,,,
in100.lejepa.s0.null.extL,in100.pairs100.v1@audit_v1.o8,theta,student.z.proj.out,,11,7.333789421144832,,,,
in100.lejepa.s0.null.extL,in100.pairs100.v1@audit_v1.o8,theta,student.z.proj.out,,12,5.216494087399774,,,,
in100.lejepa.s0.null.extL,in100.pairs100.v1@audit_v1.o8,theta,student.z.proj.out,,13,2.8474075936041032,,,,
in100.lejepa.s0.null.extL,in100.pairs100.v1@audit_v1.o8,theta,student.z.proj.out,,14,1.9523120994487035,,,,
in100.lejepa.s0.null.extL,in100.pairs100.v1@audit_v1.o8,fidelity,student.z.proj.out,,0,,52.38714516438891,14.078055190250371,13.88463110674522,0.9812688991531423
in100.lejepa.s0.null.extL,in100.pairs100.v1@audit_v1.o8,fidelity,student.z.proj.out,,1,,43.7783764110854,11.92226189512676,11.921757191419125,0.9776677923554093
in100.lejepa.s0.null.extL,in100.pairs100.v1@audit_v1.o8,fidelity,student.z.proj.out,,2,,37.25271596047814,10.287037055491073,10.562739365974881,0.9738580653715365
in100.lejepa.s0.null.extL,in100.pairs100.v1@audit_v1.o8,fidelity,student.z.proj.out,,3,,30.789942117860445,8.666029039349699,8.873004350637093,0.9685435098845879
in100.lejepa.s0.null.extL,in100.pairs100.v1@audit_v1.o8,fidelity,student.z.proj.out,,4,,26.77072540501149,7.656672209056697,7.3463215456535895,0.9639908578038245
in100.lejepa.s0.null.extL,in100.pairs100.v1@audit_v1.o8,fidelity,student.z.proj.out,,5,,21.17821504855306,6.249464470785883,6.223282029470414,0.9549107086476176
in100.lejepa.s0.null.extL,in100.pairs100.v1@audit_v1.o8,fidelity,student.z.proj.out,,6,,16.978298243566858,5.18895194375342,5.168617299395929,0.944377382861705
in100.lejepa.s0.null.extL,in100.pairs100.v1@audit_v1.o8,fidelity,student.z.proj.out,,7,,16.45642502346056,5.05682075790917,5.124785433137682,0.9427145020440296
in100.lejepa.s0.null.extL,in100.pairs100.v1@audit_v1.o8,fidelity,student.z.proj.out,,8,,15.683799958235065,4.861011606066796,4.853892722053082,0.9400616165080304
in100.lejepa.s0.null.extL,in100.pairs100.v1@audit_v1.o8,fidelity,student.z.proj.out,,9,,14.726281130369575,4.617982458382075,4.5891094035943825,0.9364121757896808
in100.lejepa.s0.null.extL,in100.pairs100.v1@audit_v1.o8,fidelity,student.z.proj.out,,10,,8.479004759234586,3.014254882400869,2.986366766979591,0.8945036925922223
in100.lejepa.s0.null.extL,in100.pairs100.v1@audit_v1.o8,fidelity,student.z.proj.out,,11,,7.464027536088633,2.747859820377075,2.7336400744911793,0.8818529363549169
in100.lejepa.s0.null.extL,in100.pairs100.v1@audit_v1.o8,fidelity,student.z.proj.out,,12,,5.106077425916638,2.112748095447388,2.1440058871439023,0.8362287389682287
in100.lejepa.s0.null.extL,in100.pairs100.v1@audit_v1.o8,fidelity,student.z.proj.out,,13,,2.778620748064355,1.4300083577431955,1.4049682528846168,0.7353531707271066
in100.lejepa.s0.null.extL,in100.pairs100.v1@audit_v1.o8,fidelity,student.z.proj.out,,14,,1.936039110469506,1.1434148596429736,1.092039224714939,0.6594050820255972
in100.lejepa.s0.null.extL,in100.pairs100.v1@audit_v1.o8,theta,student.z.proj.tap1,,0,50.1105955302299,,,,
in100.lejepa.s0.null.extL,in100.pairs100.v1@audit_v1.o8,theta,student.z.proj.tap1,,1,35.962111615382845,,,,
in100.lejepa.s0.null.extL,in100.pairs100.v1@audit_v1.o8,theta,student.z.proj.tap1,,2,30.12846948978181,,,,
in100.lejepa.s0.null.extL,in100.pairs100.v1@audit_v1.o8,theta,student.z.proj.tap1,,3,28.488345379808422,,,,
in100.lejepa.s0.null.extL,in100.pairs100.v1@audit_v1.o8,theta,student.z.proj.tap1,,4,24.196378202940988,,,,
in100.lejepa.s0.null.extL,in100.pairs100.v1@audit_v1.o8,theta,student.z.proj.tap1,,5,21.901265130558496,,,,
in100.lejepa.s0.null.extL,in100.pairs100.v1@audit_v1.o8,theta,student.z.proj.tap1,,6,21.03309029076259,,,,
in100.lejepa.s0.null.extL,in100.pairs100.v1@audit_v1.o8,theta,student.z.proj.tap1,,7,17.31116663364212,,,,
in100.lejepa.s0.null.extL,in100.pairs100.v1@audit_v1.o8,theta,student.z.proj.tap1,,8,13.854474305950037,,,,
in100.lejepa.s0.null.extL,in100.pairs100.v1@audit_v1.o8,theta,student.z.proj.tap1,,9,11.796194781807747,,,,
in100.lejepa.s0.null.extL,in100.pairs100.v1@audit_v1.o8,theta,student.z.proj.tap1,,10,10.48620541928927,,,,
in100.lejepa.s0.null.extL,in100.pairs100.v1@audit_v1.o8,theta,student.z.proj.tap1,,11,9.830535604252605,,,,
in100.lejepa.s0.null.extL,in100.pairs100.v1@audit_v1.o8,theta,student.z.proj.tap1,,12,6.662326863252992,,,,
in100.lejepa.s0.null.extL,in100.pairs100.v1@audit_v1.o8,theta,student.z.proj.tap1,,13,6.363252093296038,,,,
in100.lejepa.s0.null.extL,in100.pairs100.v1@audit_v1.o8,theta,student.z.proj.tap1,,14,5.050218028626766,,,,
in100.lejepa.s0.null.extL,in100.pairs100.v1@audit_v1.o8,theta,student.z.proj.tap1,,15,4.777997725209368,,,,
in100.lejepa.s0.null.extL,in100.pairs100.v1@audit_v1.o8,theta,student.z.proj.tap1,,16,3.0916278327497837,,,,
in100.lejepa.s0.null.extL,in100.pairs100.v1@audit_v1.o8,theta,student.z.proj.tap1,,17,2.717280153621862,,,,
in100.lejepa.s0.null.extL,in100.pairs100.v1@audit_v1.o8,theta,student.z.proj.tap1,,18,2.284030576968179,,,,
in100.lejepa.s0.null.extL,in100.pairs100.v1@audit_v1.o8,theta,student.z.proj.tap1,,19,1.7881920428978602,,,,
in100.lejepa.s0.null.extL,in100.pairs100.v1@audit_v1.o8,theta,student.z.proj.tap1,,20,1.507391017019332,,,,
in100.lejepa.s0.null.extL,in100.pairs100.v1@audit_v1.o8,fidelity,student.z.proj.tap1,,0,,52.72331132926834,14.16221393873426,14.176216396761424,0.9813861064171746
in100.lejepa.s0.null.extL,in100.pairs100.v1@audit_v1.o8,fidelity,student.z.proj.tap1,,1,,34.27298292180525,9.539895420464294,9.617044715046415,0.9716496900129812
in100.lejepa.s0.null.extL,in100.pairs100.v1@audit_v1.o8,fidelity,student.z.proj.tap1,,2,,27.74036201397168,7.900296230563655,7.820850804574801,0.9652057270707354
in100.lejepa.s0.null.extL,in100.pairs100.v1@audit_v1.o8,fidelity,student.z.proj.tap1,,3,,27.393860698627197,7.813246293694678,7.768134011487689,0.9647811190378789
in100.lejepa.s0.null.extL,in100.pairs100.v1@audit_v1.o8,fidelity,student.z.proj.tap1,,4,,23.354493375228174,6.797563158953552,6.896464690363101,0.9589398151465086
in100.lejepa.s0.null.extL,in100.pairs100.v1@audit_v1.o8,fidelity,student.z.proj.tap1,,5,,21.16623227654895,6.246444403110289,6.312834224422951,0.9548863339730513
in100.lejepa.s0.null.extL,in100.pairs100.v1@audit_v1.o8,fidelity,student.z.proj.tap1,,6,,20.118310577172366,5.982225371660027,5.592867085780162,0.9526477273669353
in100.lejepa.s0.null.extL,in100.pairs100.v1@audit_v1.o8,fidelity,student.z.proj.tap1,,7,,17.38004756022585,5.290605066748563,5.369946844350956,0.9455931766921003
in100.lejepa.s0.null.extL,in100.pairs100.v1@audit_v1.o8,fidelity,student.z.proj.tap1,,8,,13.198539324237407,4.2292050511246675,4.280024581707114,0.9295702200653159
in100.lejepa.s0.null.extL,in100.pairs100.v1@audit_v1.o8,fidelity,student.z.proj.tap1,,9,,11.392615481159565,3.7674606541144766,3.675355671616818,0.9193067838245853
in100.lejepa.s0.null.extL,in100.pairs100.v1@audit_v1.o8,fidelity,student.z.proj.tap1,,10,,10.487641782890325,3.5348603775798404,3.6457928104396204,0.9129499318572591
in100.lejepa.s0.null.extL,in100.pairs100.v1@audit_v1.o8,fidelity,student.z.proj.tap1,,11,,9.557553488386663,3.294669458183513,3.2035284270339552,0.9052810860868474
in100.lejepa.s0.null.extL,in100.pairs100.v1@audit_v1.o8,fidelity,student.z.proj.tap1,,12,,6.623899644104206,2.5248084415443435,2.445979306232553,0.8688335305182918
in100.lejepa.s0.null.extL,in100.pairs100.v1@audit_v1.o8,fidelity,student.z.proj.tap1,,13,,6.200617009895496,2.411277264762162,2.176735835267468,0.8611230122882881
in100.lejepa.s0.null.extL,in100.pairs100.v1@audit_v1.o8,fidelity,student.z.proj.tap1,,14,,4.9593297581721565,2.0720283339506813,2.0831276458980277,0.8321958944076423
in100.lejepa.s0.null.extL,in100.pairs100.v1@audit_v1.o8,fidelity,student.z.proj.tap1,,15,,4.807733413794929,2.029749141682963,2.0076427398282912,0.8278157882342307
in100.lejepa.s0.null.extL,in100.pairs100.v1@audit_v1.o8,fidelity,student.z.proj.tap1,,16,,3.095411958217883,1.5296773095002596,1.6212113292141281,0.7558243199457889
in100.lejepa.s0.null.extL,in100.pairs100.v1@audit_v1.o8,fidelity,student.z.proj.tap1,,17,,2.7114008206109332,1.4084101612624078,1.4456628170279533,0.7305599561096745
in100.lejepa.s0.null.extL,in100.pairs100.v1@audit_v1.o8,fidelity,student.z.proj.tap1,,18,,2.207654368109212,1.2401593051745516,1.19603496806843,0.6882457131472487
in100.lejepa.s0.null.extL,in100.pairs100.v1@audit_v1.o8,fidelity,student.z.proj.tap1,,19,,1.7306917022760702,1.0664653455750965,1.031368081179466,0.633792420006079
in100.lejepa.s0.null.extL,in100.pairs100.v1@audit_v1.o8,fidelity,student.z.proj.tap1,,20,,1.4730946746406572,0.9639219831973743,0.9061698031069458,0.59564831453721
in100.lejepa.s0.null.extL,in100.pairs100.v1@audit_v1.o8,theta,student.z.proj.tap2,,0,48.977235383489,,,,
in100.lejepa.s0.null.extL,in100.pairs100.v1@audit_v1.o8,theta,student.z.proj.tap2,,1,34.361395320614,,,,
in100.lejepa.s0.null.extL,in100.pairs100.v1@audit_v1.o8,theta,student.z.proj.tap2,,2,32.161209982248046,,,,
in100.lejepa.s0.null.extL,in100.pairs100.v1@audit_v1.o8,theta,student.z.proj.tap2,,3,28.757669196154463,,,,
in100.lejepa.s0.null.extL,in100.pairs100.v1@audit_v1.o8,theta,student.z.proj.tap2,,4,23.659027727566063,,,,
in100.lejepa.s0.null.extL,in100.pairs100.v1@audit_v1.o8,theta,student.z.proj.tap2,,5,22.786594637831865,,,,
in100.lejepa.s0.null.extL,in100.pairs100.v1@audit_v1.o8,theta,student.z.proj.tap2,,6,20.27569279618023,,,,
in100.lejepa.s0.null.extL,in100.pairs100.v1@audit_v1.o8,theta,student.z.proj.tap2,,7,18.91009876774785,,,,
in100.lejepa.s0.null.extL,in100.pairs100.v1@audit_v1.o8,theta,student.z.proj.tap2,,8,16.842597068319918,,,,
in100.lejepa.s0.null.extL,in100.pairs100.v1@audit_v1.o8,theta,student.z.proj.tap2,,9,12.785475999063085,,,,
in100.lejepa.s0.null.extL,in100.pairs100.v1@audit_v1.o8,theta,student.z.proj.tap2,,10,10.394893956318468,,,,
in100.lejepa.s0.null.extL,in100.pairs100.v1@audit_v1.o8,theta,student.z.proj.tap2,,11,10.085739052838882,,,,
in100.lejepa.s0.null.extL,in100.pairs100.v1@audit_v1.o8,theta,student.z.proj.tap2,,12,9.106092086207493,,,,
in100.lejepa.s0.null.extL,in100.pairs100.v1@audit_v1.o8,theta,student.z.proj.tap2,,13,6.641082596398437,,,,
in100.lejepa.s0.null.extL,in100.pairs100.v1@audit_v1.o8,theta,student.z.proj.tap2,,14,6.181365293950383,,,,
in100.lejepa.s0.null.extL,in100.pairs100.v1@audit_v1.o8,theta,student.z.proj.tap2,,15,5.056632775488539,,,,
in100.lejepa.s0.null.extL,in100.pairs100.v1@audit_v1.o8,theta,student.z.proj.tap2,,16,4.7582549686498945,,,,
in100.lejepa.s0.null.extL,in100.pairs100.v1@audit_v1.o8,theta,student.z.proj.tap2,,17,3.218288986364463,,,,
in100.lejepa.s0.null.extL,in100.pairs100.v1@audit_v1.o8,theta,student.z.proj.tap2,,18,2.7960817448346997,,,,
in100.lejepa.s0.null.extL,in100.pairs100.v1@audit_v1.o8,theta,student.z.proj.tap2,,19,2.314435415354592,,,,
in100.lejepa.s0.null.extL,in100.pairs100.v1@audit_v1.o8,theta,student.z.proj.tap2,,20,1.676885105081137,,,,
in100.lejepa.s0.null.extL,in100.pairs100.v1@audit_v1.o8,theta,student.z.proj.tap2,,21,1.4970651203433616,,,,
in100.lejepa.s0.null.extL,in100.pairs100.v1@audit_v1.o8,fidelity,student.z.proj.tap2,,0,,57.27509790095492,15.301614486907186,15.422863682539537,0.9828400116684555
in100.lejepa.s0.null.extL,in100.pairs100.v1@audit_v1.o8,fidelity,student.z.proj.tap2,,1,,35.85918591043207,9.937666198539185,10.115739719876654,0.9728697209311675
in100.lejepa.s0.null.extL,in100.pairs100.v1@audit_v1.o8,fidelity,student.z.proj.tap2,,2,,29.18128804041528,8.262188898002675,8.142809684283002,0.9668668878988559
in100.lejepa.s0.null.extL,in100.pairs100.v1@audit_v1.o8,fidelity,student.z.proj.tap2,,3,,26.85734498797303,7.678439071564955,7.4838517305253225,0.9641028245716979
in100.lejepa.s0.null.extL,in100.pairs100.v1@audit_v1.o8,fidelity,student.z.proj.tap2,,4,,23.642519438760583,6.870049593435914,7.092432213438912,0.9594197337457677
in100.lejepa.s0.null.extL,in100.pairs100.v1@audit_v1.o8,fidelity,student.z.proj.tap2,,5,,22.209913341695383,6.5093932973507584,6.392412673665441,0.9569149619269128
in100.lejepa.s0.null.extL,in100.pairs100.v1@audit_v1.o8,fidelity,student.z.proj.tap2,,6,,19.84121838518594,5.912322756582603,5.812773853534743,0.9520181602861181
in100.lejepa.s0.null.extL,in100.pairs100.v1@audit_v1.o8,fidelity,student.z.proj.tap2,,7,,17.916853537859254,5.426350470555867,5.27400190285473,0.9471370860910537
in100.lejepa.s0.null.extL,in100.pairs100.v1@audit_v1.o8,fidelity,student.z.proj.tap2,,8,,16.697222571007014,5.117799600858023,5.256672520256577,0.9434939581062692
in100.lejepa.s0.null.extL,in100.pairs100.v1@audit_v1.o8,fidelity,student.z.proj.tap2,,9,,12.806510160684413,4.129197940774754,4.077399652554684,0.9275704006036506
in100.lejepa.s0.null.extL,in100.pairs100.v1@audit_v1.o8,fidelity,student.z.proj.tap2,,10,,11.568083919888583,3.812454356581166,3.672687067871691,0.9204333766090205
in100.lejepa.s0.null.extL,in100.pairs100.v1@audit_v1.o8,fidelity,student.z.proj.tap2,,11,,10.108100025155874,3.43700060988136,3.458787691445664,0.9099756035923914
in100.lejepa.s0.null.extL,in100.pairs100.v1@audit_v1.o8,fidelity,student.z.proj.tap2,,12,,10.090253936564123,3.4323942232999385,3.278197908878274,0.9098307391589078
in100.lejepa.s0.null.extL,in100.pairs100.v1@audit_v1.o8,fidelity,student.z.proj.tap2,,13,,7.24515327979164,2.6900049470297933,2.477032118185231,0.8787166270818835
in100.lejepa.s0.null.extL,in100.pairs100.v1@audit_v1.o8,fidelity,student.z.proj.tap2,,14,,6.561472819860769,2.508118837173586,2.4866479916075526,0.8677506322083939
in100.lejepa.s0.null.extL,in100.pairs100.v1@audit_v1.o8,fidelity,student.z.proj.tap2,,15,,5.9676375473250785,2.3483887181386356,2.1607171247821,0.856479331307366
in100.lejepa.s0.null.extL,in100.pairs100.v1@audit_v1.o8,fidelity,student.z.proj.tap2,,16,,4.93806319281282,2.0661107193872104,2.0373184621646026,0.8315949211840054
in100.lejepa.s0.null.extL,in100.pairs100.v1@audit_v1.o8,fidelity,student.z.proj.tap2,,17,,4.725314559191237,2.006665747538967,2.0085389611614874,0.8253371077411578
in100.lejepa.s0.null.extL,in100.pairs100.v1@audit_v1.o8,fidelity,student.z.proj.tap2,,18,,3.192558410010878,1.5596217567853583,1.629314320363469,0.7614821542826387
in100.lejepa.s0.null.extL,in100.pairs100.v1@audit_v1.o8,fidelity,student.z.proj.tap2,,19,,2.7900310384251,1.4336576776777803,1.4613166892553369,0.7361499180715054
in100.lejepa.s0.null.extL,in100.pairs100.v1@audit_v1.o8,fidelity,student.z.proj.tap2,,20,,2.196609796002438,1.2363210232662072,1.2007395939000498,0.6871685742655976
in100.lejepa.s0.null.extL,in100.pairs100.v1@audit_v1.o8,fidelity,student.z.proj.tap2,,21,,1.6215006948822872,1.023914279221399,0.9978330120037084,0.6185391055008274
in100.lejepa.s0.null.extL,in100.pairs100.v1@audit_v1.o8,fidelity,student.z.proj.tap2,,22,,1.4620789692213305,0.9593589276031684,0.9031493276164215,0.5938391852978359
in100.lejepa.s0.null.extL,in100.pairs100.v1@audit_v1.o8,sigma_c,student.z.embed~student.z.embed,holdout,0,7.789134283369301e-16,,,,
in100.lejepa.s0.null.extL,in100.pairs100.v1@audit_v1.o8,sigma_c,student.z.embed~student.z.embed,holdout,1,6.74603779806409e-16,,,,
in100.lejepa.s0.null.extL,in100.pairs100.v1@audit_v1.o8,sigma_c,student.z.embed~student.z.embed,holdout,2,6.170477805543676e-16,,,,
in100.lejepa.s0.null.extL,in100.pairs100.v1@audit_v1.o8,sigma_c,student.z.embed~student.z.embed,holdout,3,4.566142787453434e-16,,,,
in100.lejepa.s0.null.extL,in100.pairs100.v1@audit_v1.o8,sigma_c,student.z.embed~student.z.embed,holdout,4,3.614580436146159e-16,,,,
in100.lejepa.s0.null.extL,in100.pairs100.v1@audit_v1.o8,sigma_c,student.z.embed~student.z.embed,holdout,5,3.000444861131979e-16,,,,
in100.lejepa.s0.null.extL,in100.pairs100.v1@audit_v1.o8,sigma_c,student.z.embed~student.z.embed,holdout,6,1.173609073618709e-16,,,,
in100.lejepa.s0.null.extL,in100.pairs100.v1@audit_v1.o8,sigma_c,student.z.embed~student.z.embed,holdout,7,1.0276860232663184e-16,,,,
in100.lejepa.s0.null.extL,in100.pairs100.v1@audit_v1.o8,sigma_c,student.z.embed~student.z.embed,holdout,8,9.324193701821063e-17,,,,
in100.lejepa.s0.null.extL,in100.pairs100.v1@audit_v1.o8,sigma_c,student.z.embed~student.z.embed,holdout,9,6.629861518093577e-17,,,,
in100.lejepa.s0.null.extL,in100.pairs100.v1@audit_v1.o8,sigma_c,student.z.embed~student.z.embed,holdout,10,4.9551488024262113e-17,,,,
in100.lejepa.s0.null.extL,in100.pairs100.v1@audit_v1.o8,sigma_c,student.z.embed~student.z.embed,holdout,11,4.459622746873924e-17,,,,
in100.lejepa.s0.null.extL,in100.pairs100.v1@audit_v1.o8,sigma_c,student.z.embed~student.z.embed,holdout,12,3.2647757791030776e-17,,,,
in100.lejepa.s0.null.extL,in100.pairs100.v1@audit_v1.o8,sigma_c,student.z.embed~student.z.embed,holdout,13,2.2141118902090278e-17,,,,
in100.lejepa.s0.null.extL,in100.pairs100.v1@audit_v1.o8,sigma_c,student.z.embed~student.z.embed,holdout,14,1.528855802935311e-17,,,,
in100.lejepa.s0.null.extL,in100.pairs100.v1@audit_v1.o8,sigma_c,student.z.embed~student.z.embed,holdout,15,5.9565426797396676e-18,,,,
in100.lejepa.s0.null.extL,in100.pairs100.v1@audit_v1.o8,sigma_c,student.z.embed~student.z.embed,holdout,16,4.8708871025259394e-18,,,,
in100.lejepa.s0.null.extL,in100.pairs100.v1@audit_v1.o8,sigma_c,student.z.embed~student.z.embed,holdout,17,1.9303075486066795e-18,,,,
in100.lejepa.s0.null.extL,in100.pairs100.v1@audit_v1.o8,sigma_c,student.z.embed~student.z.embed,holdout,18,8.708483093185267e-19,,,,
in100.lejepa.s0.null.extL,in100.pairs100.v1@audit_v1.o8,sigma_c,student.z.embed~student.z.embed,holdout,19,3.3206305430530206e-19,,,,
in100.lejepa.s0.null.extL,in100.pairs100.v1@audit_v1.o8,sigma_c,student.z.embed~student.z.embed,holdout,20,1.635219285990771e-19,,,,
in100.lejepa.s0.null.extL,in100.pairs100.v1@audit_v1.o8,sigma_c,student.z.embed~student.z.embed,holdout,21,8.350540561077879e-21,,,,
in100.lejepa.s0.null.extL,in100.pairs100.v1@audit_v1.o8,sigma_c,student.z.embed~student.z.embed,holdout,22,1.0256675942044496e-21,,,,
in100.lejepa.s0.null.extL,in100.pairs100.v1@audit_v1.o8,sigma_c,student.z.embed~student.z.embed,insample,0,8.137869264730648e-16,,,,
in100.lejepa.s0.null.extL,in100.pairs100.v1@audit_v1.o8,sigma_c,student.z.embed~student.z.embed,insample,1,6.952736681477881e-16,,,,
in100.lejepa.s0.null.extL,in100.pairs100.v1@audit_v1.o8,sigma_c,student.z.embed~student.z.embed,insample,2,6.169527430009345e-16,,,,
in100.lejepa.s0.null.extL,in100.pairs100.v1@audit_v1.o8,sigma_c,student.z.embed~student.z.embed,insample,3,4.628674401437531e-16,,,,
in100.lejepa.s0.null.extL,in100.pairs100.v1@audit_v1.o8,sigma_c,student.z.embed~student.z.embed,insample,4,3.7353135264556927e-16,,,,
in100.lejepa.s0.null.extL,in100.pairs100.v1@audit_v1.o8,sigma_c,student.z.embed~student.z.embed,insample,5,3.1518916829712117e-16,,,,
in100.lejepa.s0.null.extL,in100.pairs100.v1@audit_v1.o8,sigma_c,student.z.embed~student.z.embed,insample,6,1.196729275244182e-16,,,,
in100.lejepa.s0.null.extL,in100.pairs100.v1@audit_v1.o8,sigma_c,student.z.embed~student.z.embed,insample,7,1.1160308029662313e-16,,,,
in100.lejepa.s0.null.extL,in100.pairs100.v1@audit_v1.o8,sigma_c,student.z.embed~student.z.embed,insample,8,9.302989241266642e-17,,,,
in100.lejepa.s0.null.extL,in100.pairs100.v1@audit_v1.o8,sigma_c,student.z.embed~student.z.embed,insample,9,6.746511593940142e-17,,,,
in100.lejepa.s0.null.extL,in100.pairs100.v1@audit_v1.o8,sigma_c,student.z.embed~student.z.embed,insample,10,4.954227532461571e-17,,,,
in100.lejepa.s0.null.extL,in100.pairs100.v1@audit_v1.o8,sigma_c,student.z.embed~student.z.embed,insample,11,4.4803236625731354e-17,,,,
in100.lejepa.s0.null.extL,in100.pairs100.v1@audit_v1.o8,sigma_c,student.z.embed~student.z.embed,insample,12,3.364402356130573e-17,,,,
in100.lejepa.s0.null.extL,in100.pairs100.v1@audit_v1.o8,sigma_c,student.z.embed~student.z.embed,insample,13,2.1308100409937416e-17,,,,
in100.lejepa.s0.null.extL,in100.pairs100.v1@audit_v1.o8,sigma_c,student.z.embed~student.z.embed,insample,14,1.4984493870903315e-17,,,,
in100.lejepa.s0.null.extL,in100.pairs100.v1@audit_v1.o8,sigma_c,student.z.embed~student.z.embed,insample,15,6.1267752576778736e-18,,,,
in100.lejepa.s0.null.extL,in100.pairs100.v1@audit_v1.o8,sigma_c,student.z.embed~student.z.embed,insample,16,4.9339868423286e-18,,,,
in100.lejepa.s0.null.extL,in100.pairs100.v1@audit_v1.o8,sigma_c,student.z.embed~student.z.embed,insample,17,2.042767232473368e-18,,,,
in100.lejepa.s0.null.extL,in100.pairs100.v1@audit_v1.o8,sigma_c,student.z.embed~student.z.embed,insample,18,9.093514894603753e-19,,,,
in100.lejepa.s0.null.extL,in100.pairs100.v1@audit_v1.o8,sigma_c,student.z.embed~student.z.embed,insample,19,3.296008390908295e-19,,,,
in100.lejepa.s0.null.extL,in100.pairs100.v1@audit_v1.o8,sigma_c,student.z.embed~student.z.embed,insample,20,1.606811163224124e-19,,,,
in100.lejepa.s0.null.extL,in100.pairs100.v1@audit_v1.o8,sigma_c,student.z.embed~student.z.embed,insample,21,9.130340663117113e-21,,,,
in100.lejepa.s0.null.extL,in100.pairs100.v1@audit_v1.o8,sigma_c,student.z.embed~student.z.embed,insample,22,1.0126125445442707e-21,,,,
in100.lejepa.s0.null.extL,in100.pairs100.v1@audit_v1.o8,sigma_c,student.z.embed~student.z.proj.out,holdout,0,0.3646748154056636,,,,
in100.lejepa.s0.null.extL,in100.pairs100.v1@audit_v1.o8,sigma_c,student.z.embed~student.z.proj.out,holdout,1,0.21538972755968114,,,,
in100.lejepa.s0.null.extL,in100.pairs100.v1@audit_v1.o8,sigma_c,student.z.embed~student.z.proj.out,holdout,2,0.17938189655201972,,,,
in100.lejepa.s0.null.extL,in100.pairs100.v1@audit_v1.o8,sigma_c,student.z.embed~student.z.proj.out,holdout,3,0.16196608523116016,,,,
in100.lejepa.s0.null.extL,in100.pairs100.v1@audit_v1.o8,sigma_c,student.z.embed~student.z.proj.out,holdout,4,0.1319851292869717,,,,
in100.lejepa.s0.null.extL,in100.pairs100.v1@audit_v1.o8,sigma_c,student.z.embed~student.z.proj.out,holdout,5,0.11409503664558414,,,,
in100.lejepa.s0.null.extL,in100.pairs100.v1@audit_v1.o8,sigma_c,student.z.embed~student.z.proj.out,holdout,6,0.10689461298710107,,,,
in100.lejepa.s0.null.extL,in100.pairs100.v1@audit_v1.o8,sigma_c,student.z.embed~student.z.proj.out,holdout,7,0.09705053187558228,,,,
in100.lejepa.s0.null.extL,in100.pairs100.v1@audit_v1.o8,sigma_c,student.z.embed~student.z.proj.out,holdout,8,0.07946335042981595,,,,
in100.lejepa.s0.null.extL,in100.pairs100.v1@audit_v1.o8,sigma_c,student.z.embed~student.z.proj.out,holdout,9,0.05886889315484178,,,,
in100.lejepa.s0.null.extL,in100.pairs100.v1@audit_v1.o8,sigma_c,student.z.embed~student.z.proj.out,holdout,10,0.04038621775939258,,,,
in100.lejepa.s0.null.extL,in100.pairs100.v1@audit_v1.o8,sigma_c,student.z.embed~student.z.proj.out,holdout,11,0.027007778284498934,,,,
in100.lejepa.s0.null.extL,in100.pairs100.v1@audit_v1.o8,sigma_c,student.z.embed~student.z.proj.out,holdout,12,0.021868094697555508,,,,
in100.lejepa.s0.null.extL,in100.pairs100.v1@audit_v1.o8,sigma_c,student.z.embed~student.z.proj.out,holdout,13,0.007841546926536706,,,,
in100.lejepa.s0.null.extL,in100.pairs100.v1@audit_v1.o8,sigma_c,student.z.embed~student.z.proj.out,holdout,14,0.006991565971462054,,,,
in100.lejepa.s0.null.extL,in100.pairs100.v1@audit_v1.o8,sigma_c,student.z.embed~student.z.proj.out,holdout,15,0.00141420209811003,,,,
in100.lejepa.s0.null.extL,in100.pairs100.v1@audit_v1.o8,sigma_c,student.z.embed~student.z.proj.out,insample,0,0.2794065926764283,,,,
in100.lejepa.s0.null.extL,in100.pairs100.v1@audit_v1.o8,sigma_c,student.z.embed~student.z.proj.out,insample,1,0.16969145708179317,,,,
in100.lejepa.s0.null.extL,in100.pairs100.v1@audit_v1.o8,sigma_c,student.z.embed~student.z.proj.out,insample,2,0.1430536941127005,,,,
in100.lejepa.s0.null.extL,in100.pairs100.v1@audit_v1.o8,sigma_c,student.z.embed~student.z.proj.out,insample,3,0.13043403218805602,,,,
in100.lejepa.s0.null.extL,in100.pairs100.v1@audit_v1.o8,sigma_c,student.z.embed~student.z.proj.out,insample,4,0.10131109387774102,,,,
in100.lejepa.s0.null.extL,in100.pairs100.v1@audit_v1.o8,sigma_c,student.z.embed~student.z.proj.out,insample,5,0.08720644709481803,,,,
in100.lejepa.s0.null.extL,in100.pairs100.v1@audit_v1.o8,sigma_c,student.z.embed~student.z.proj.out,insample,6,0.08072535933121668,,,,
in100.lejepa.s0.null.extL,in100.pairs100.v1@audit_v1.o8,sigma_c,student.z.embed~student.z.proj.out,insample,7,0.07204493673191922,,,,
in100.lejepa.s0.null.extL,in100.pairs100.v1@audit_v1.o8,sigma_c,student.z.embed~student.z.proj.out,insample,8,0.06120485389362667,,,,
in100.lejepa.s0.null.extL,in100.pairs100.v1@audit_v1.o8,sigma_c,student.z.embed~student.z.proj.out,insample,9,0.04394955004168851,,,,
in100.lejepa.s0.null.extL,in100.pairs100.v1@audit_v1.o8,sigma_c,student.z.embed~student.z.proj.out,insample,10,0.03096012326583273,,,,
in100.lejepa.s0.null.extL,in100.pairs100.v1@audit_v1.o8,sigma_c,student.z.embed~student.z.proj.out,insample,11,0.021048953112450655,,,,
in100.lejepa.s0.null.extL,in100.pairs100.v1@audit_v1.o8,sigma_c,student.z.embed~student.z.proj.out,insample,12,0.016991098575827996,,,,
in100.lejepa.s0.null.extL,in100.pairs100.v1@audit_v1.o8,sigma_c,student.z.embed~student.z.proj.out,insample,13,0.006000665306781764,,,,
in100.lejepa.s0.null.extL,in100.pairs100.v1@audit_v1.o8,sigma_c,student.z.embed~student.z.proj.out,insample,14,0.005280699066025089,,,,
in100.lejepa.s0.null.extL,in100.pairs100.v1@audit_v1.o8,sigma_c,student.z.embed~student.z.proj.out,insample,15,0.0011291359854523266,,,,
in100.lejepa.s0.null.extL,in100.pairs100.v1@audit_v1.o8,sigma_c,student.z.embed~student.z.proj.tap1,holdout,0,0.03153749055751015,,,,
in100.lejepa.s0.null.extL,in100.pairs100.v1@audit_v1.o8,sigma_c,student.z.embed~student.z.proj.tap1,holdout,1,0.02359734003240471,,,,
in100.lejepa.s0.null.extL,in100.pairs100.v1@audit_v1.o8,sigma_c,student.z.embed~student.z.proj.tap1,holdout,2,0.01832459198946013,,,,
in100.lejepa.s0.null.extL,in100.pairs100.v1@audit_v1.o8,sigma_c,student.z.embed~student.z.proj.tap1,holdout,3,0.01543308859285317,,,,
in100.lejepa.s0.null.extL,in100.pairs100.v1@audit_v1.o8,sigma_c,student.z.embed~student.z.proj.tap1,holdout,4,0.01502510627815833,,,,
in100.lejepa.s0.null.extL,in100.pairs100.v1@audit_v1.o8,sigma_c,student.z.embed~student.z.proj.tap1,holdout,5,0.013568342343877219,,,,
in100.lejepa.s0.null.extL,in100.pairs100.v1@audit_v1.o8,sigma_c,student.z.embed~student.z.proj.tap1,holdout,6,0.011434503994881258,,,,
in100.lejepa.s0.null.extL,in100.pairs100.v1@audit_v1.o8,sigma_c,student.z.embed~student.z.proj.tap1,holdout,7,0.008793114133977254,,,,
in100.lejepa.s0.null.extL,in100.pairs100.v1@audit_v1.o8,sigma_c,student.z.embed~student.z.proj.tap1,holdout,8,0.008149412331095942,,,,
in100.lejepa.s0.null.extL,in100.pairs100.v1@audit_v1.o8,sigma_c,student.z.embed~student.z.proj.tap1,holdout,9,0.006441930008409151,,,,
in100.lejepa.s0.null.extL,in100.pairs100.v1@audit_v1.o8,sigma_c,student.z.embed~student.z.proj.tap1,holdout,10,0.005306727316124824,,,,
in100.lejepa.s0.null.extL,in100.pairs100.v1@audit_v1.o8,sigma_c,student.z.embed~student.z.proj.tap1,holdout,11,0.004787774021409655,,,,
in100.lejepa.s0.null.extL,in100.pairs100.v1@audit_v1.o8,sigma_c,student.z.embed~student.z.proj.tap1,holdout,12,0.004192528660437308,,,,
in100.lejepa.s0.null.extL,in100.pairs100.v1@audit_v1.o8,sigma_c,student.z.embed~student.z.proj.tap1,holdout,13,0.003558598038799045,,,,
in100.lejepa.s0.null.extL,in100.pairs100.v1@audit_v1.o8,sigma_c,student.z.embed~student.z.proj.tap1,holdout,14,0.003068092751268812,,,,
in100.lejepa.s0.null.extL,in100.pairs100.v1@audit_v1.o8,sigma_c,student.z.embed~student.z.proj.tap1,holdout,15,0.002518423043694763,,,,
in100.lejepa.s0.null.extL,in100.pairs100.v1@audit_v1.o8,sigma_c,student.z.embed~student.z.proj.tap1,holdout,16,0.002240339230570989,,,,
in100.lejepa.s0.null.extL,in100.pairs100.v1@audit_v1.o8,sigma_c,student.z.embed~student.z.proj.tap1,holdout,17,0.0018996131501202826,,,,
in100.lejepa.s0.null.extL,in100.pairs100.v1@audit_v1.o8,sigma_c,student.z.embed~student.z.proj.tap1,holdout,18,0.0015220034760400536,,,,
in100.lejepa.s0.null.extL,in100.pairs100.v1@audit_v1.o8,sigma_c,student.z.embed~student.z.proj.tap1,holdout,19,0.0014214624501943931,,,,
in100.lejepa.s0.null.extL,in100.pairs100.v1@audit_v1.o8,sigma_c,student.z.embed~student.z.proj.tap1,holdout,20,0.0010855142078112815,,,,
in100.lejepa.s0.null.extL,in100.pairs100.v1@audit_v1.o8,sigma_c,student.z.embed~student.z.proj.tap1,holdout,21,0.0009935210623708748,,,,
in100.lejepa.s0.null.extL,in100.pairs100.v1@audit_v1.o8,sigma_c,student.z.embed~student.z.proj.tap1,holdout,22,0.0007592989793542971,,,,
in100.lejepa.s0.null.extL,in100.pairs100.v1@audit_v1.o8,sigma_c,student.z.embed~student.z.proj.tap1,holdout,23,0.0007159418853229702,,,,
in100.lejepa.s0.null.extL,in100.pairs100.v1@audit_v1.o8,sigma_c,student.z.embed~student.z.proj.tap1,holdout,24,0.00047268627184447997,,,,
in100.lejepa.s0.null.extL,in100.pairs100.v1@audit_v1.o8,sigma_c,student.z.embed~student.z.proj.tap1,holdout,25,0.00031555183231064316,,,,
in100.lejepa.s0.null.extL,in100.pairs100.v1@audit_v1.o8,sigma_c,student.z.embed~student.z.proj.tap1,holdout,26,0.0002616895791039594,,,,
in100.lejepa.s0.null.extL,in100.pairs100.v1@audit_v1.o8,sigma_c,student.z.embed~student.z.proj.tap1,holdout,27,0.00018112268040922693,,,,
in100.lejepa.s0.null.extL,in100.pairs100.v1@audit_v1.o8,sigma_c,student.z.embed~student.z.proj.tap1,holdout,28,8.909466923993456e-05,,,,
in100.lejepa.s0.null.extL,in100.pairs100.v1@audit_v1.o8,sigma_c,student.z.embed~student.z.proj.tap1,holdout,29,6.858059585364748e-05,,,,
in100.lejepa.s0.null.extL,in100.pairs100.v1@audit_v1.o8,sigma_c,student.z.embed~student.z.proj.tap1,holdout,30,1.932774056327673e-05,,,,
in100.lejepa.s0.null.extL,in100.pairs100.v1@audit_v1.o8,sigma_c,student.z.embed~student.z.proj.tap1,holdout,31,5.277669421801847e-06,,,,
in100.lejepa.s0.null.extL,in100.pairs100.v1@audit_v1.o8,sigma_c,student.z.embed~student.z.proj.tap1,insample,0,0.023549631067568234,,,,
in100.lejepa.s0.null.extL,in100.pairs100.v1@audit_v1.o8,sigma_c,student.z.embed~student.z.proj.tap1,insample,1,0.017960340822800805,,,,
in100.lejepa.s0.null.extL,in100.pairs100.v1@audit_v1.o8,sigma_c,student.z.embed~student.z.proj.tap1,insample,2,0.014508039831823832,,,,
in100.lejepa.s0.null.extL,in100.pairs100.v1@audit_v1.o8,sigma_c,student.z.embed~student.z.proj.tap1,insample,3,0.012116448942200883,,,,
in100.lejepa.s0.null.extL,in100.pairs100.v1@audit_v1.o8,sigma_c,student.z.embed~student.z.proj.tap1,insample,4,0.011408975860619069,,,,
in100.lejepa.s0.null.extL,in100.pairs100.v1@audit_v1.o8,sigma_c,student.z.embed~student.z.proj.tap1,insample,5,0.010247801889468765,,,,
in100.lejepa.s0.null.extL,in100.pairs100.v1@audit_v1.o8,sigma_c,student.z.embed~student.z.proj.tap1,insample,6,0.00872031788171449,,,,
in100.lejepa.s0.null.extL,in100.pairs100.v1@audit_v1.o8,sigma_c,student.z.embed~student.z.proj.tap1,insample,7,0.006671421836767437,,,,
in100.lejepa.s0.null.extL,in100.pairs100.v1@audit_v1.o8,sigma_c,student.z.embed~student.z.proj.tap1,insample,8,0.005995134132763694,,,,
in100.lejepa.s0.null.extL,in100.pairs100.v1@audit_v1.o8,sigma_c,student.z.embed~student.z.proj.tap1,insample,9,0.004903276121739754,,,,
in100.lejepa.s0.null.extL,in100.pairs100.v1@audit_v1.o8,sigma_c,student.z.embed~student.z.proj.tap1,insample,10,0.004092842663919322,,,,
in100.lejepa.s0.null.extL,in100.pairs100.v1@audit_v1.o8,sigma_c,student.z.embed~student.z.proj.tap1,insample,11,0.0037021170228433613,,,,
in100.lejepa.s0.null.extL,in100.pairs100.v1@audit_v1.o8,sigma_c,student.z.embed~student.z.proj.tap1,insample,12,0.0031734709147041127,,,,
in100.lejepa.s0.null.extL,in100.pairs100.v1@audit_v1.o8,sigma_c,student.z.embed~student.z.proj.tap1,insample,13,0.002801136097058261,,,,
in100.lejepa.s0.null.extL,in100.pairs100.v1@audit_v1.o8,sigma_c,student.z.embed~student.z.proj.tap1,insample,14,0.002510141715993418,,,,
in100.lejepa.s0.null.extL,in100.pairs100.v1@audit_v1.o8,sigma_c,student.z.embed~student.z.proj.tap1,insample,15,0.001912581882945639,,,,
in100.lejepa.s0.null.extL,in100.pairs100.v1@audit_v1.o8,sigma_c,student.z.embed~student.z.proj.tap1,insample,16,0.001759631842520459,,,,
in100.lejepa.s0.null.extL,in100.pairs100.v1@audit_v1.o8,sigma_c,student.z.embed~student.z.proj.tap1,insample,17,0.001349125730901438,,,,
in100.lejepa.s0.null.extL,in100.pairs100.v1@audit_v1.o8,sigma_c,student.z.embed~student.z.proj.tap1,insample,18,0.0010748211772949122,,,,
in100.lejepa.s0.null.extL,in100.pairs100.v1@audit_v1.o8,sigma_c,student.z.embed~student.z.proj.tap1,insample,19,0.0010645893299559485,,,,
in100.lejepa.s0.null.extL,in100.pairs100.v1@audit_v1.o8,sigma_c,student.z.embed~student.z.proj.tap1,insample,20,0.0008324153365390888,,,,
in100.lejepa.s0.null.extL,in100.pairs100.v1@audit_v1.o8,sigma_c,student.z.embed~student.z.proj.tap1,insample,21,0.0007653624827371265,,,,
in100.lejepa.s0.null.extL,in100.pairs100.v1@audit_v1.o8,sigma_c,student.z.embed~student.z.proj.tap1,insample,22,0.0005690133752163159,,,,
in100.lejepa.s0.null.extL,in100.pairs100.v1@audit_v1.o8,sigma_c,student.z.embed~student.z.proj.tap1,insample,23,0.0005388163076695927,,,,
in100.lejepa.s0.null.extL,in100.pairs100.v1@audit_v1.o8,sigma_c,student.z.embed~student.z.proj.tap1,insample,24,0.0003633930125049322,,,,
in100.lejepa.s0.null.extL,in100.pairs100.v1@audit_v1.o8,sigma_c,student.z.embed~student.z.proj.tap1,insample,25,0.0002578457573720159,,,,
in100.lejepa.s0.null.extL,in100.pairs100.v1@audit_v1.o8,sigma_c,student.z.embed~student.z.proj.tap1,insample,26,0.00019555963972005716,,,,
in100.lejepa.s0.null.extL,in100.pairs100.v1@audit_v1.o8,sigma_c,student.z.embed~student.z.proj.tap1,insample,27,0.00013545627749707442,,,,
in100.lejepa.s0.null.extL,in100.pairs100.v1@audit_v1.o8,sigma_c,student.z.embed~student.z.proj.tap1,insample,28,6.969458465995645e-05,,,,
in100.lejepa.s0.null.extL,in100.pairs100.v1@audit_v1.o8,sigma_c,student.z.embed~student.z.proj.tap1,insample,29,5.1573460234951246e-05,,,,
in100.lejepa.s0.null.extL,in100.pairs100.v1@audit_v1.o8,sigma_c,student.z.embed~student.z.proj.tap1,insample,30,1.411186502349814e-05,,,,
in100.lejepa.s0.null.extL,in100.pairs100.v1@audit_v1.o8,sigma_c,student.z.embed~student.z.proj.tap1,insample,31,4.003742781316142e-06,,,,
in100.lejepa.s0.null.extL,in100.pairs100.v1@audit_v1.o8,sigma_c,student.z.embed~student.z.proj.tap2,holdout,0,0.1113803848269275,,,,
in100.lejepa.s0.null.extL,in100.pairs100.v1@audit_v1.o8,sigma_c,student.z.embed~student.z.proj.tap2,holdout,1,0.08664419792050056,,,,
in100.lejepa.s0.null.extL,in100.pairs100.v1@audit_v1.o8,sigma_c,student.z.embed~student.z.proj.tap2,holdout,2,0.07712235000477972,,,,
in100.lejepa.s0.null.extL,in100.pairs100.v1@audit_v1.o8,sigma_c,student.z.embed~student.z.proj.tap2,holdout,3,0.06254755678715583,,,,
in100.lejepa.s0.null.extL,in100.pairs100.v1@audit_v1.o8,sigma_c,student.z.embed~student.z.proj.tap2,holdout,4,0.060653892013767384,,,,
in100.lejepa.s0.null.extL,in100.pairs100.v1@audit_v1.o8,sigma_c,student.z.embed~student.z.proj.tap2,holdout,5,0.05393031894174481,,,,
in100.lejepa.s0.null.extL,in100.pairs100.v1@audit_v1.o8,sigma_c,student.z.embed~student.z.proj.tap2,holdout,6,0.04763905737817244,,,,
in100.lejepa.s0.null.extL,in100.pairs100.v1@audit_v1.o8,sigma_c,student.z.embed~student.z.proj.tap2,holdout,7,0.04136294147265077,,,,
in100.lejepa.s0.null.extL,in100.pairs100.v1@audit_v1.o8,sigma_c,student.z.embed~student.z.proj.tap2,holdout,8,0.039593225701333355,,,,
in100.lejepa.s0.null.extL,in100.pairs100.v1@audit_v1.o8,sigma_c,student.z.embed~student.z.proj.tap2,holdout,9,0.0365521018214522,,,,
in100.lejepa.s0.null.extL,in100.pairs100.v1@audit_v1.o8,sigma_c,student.z.embed~student.z.proj.tap2,holdout,10,0.030437263730110235,,,,
in100.lejepa.s0.null.extL,in100.pairs100.v1@audit_v1.o8,sigma_c,student.z.embed~student.z.proj.tap2,holdout,11,0.02860722490460068,,,,
in100.lejepa.s0.null.extL,in100.pairs100.v1@audit_v1.o8,sigma_c,student.z.embed~student.z.proj.tap2,holdout,12,0.027460756849984957,,,,
in100.lejepa.s0.null.extL,in100.pairs100.v1@audit_v1.o8,sigma_c,student.z.embed~student.z.proj.tap2,holdout,13,0.024555704003449027,,,,
in100.lejepa.s0.null.extL,in100.pairs100.v1@audit_v1.o8,sigma_c,student.z.embed~student.z.proj.tap2,holdout,14,0.02153956132222538,,,,
in100.lejepa.s0.null.extL,in100.pairs100.v1@audit_v1.o8,sigma_c,student.z.embed~student.z.proj.tap2,holdout,15,0.01865983129709059,,,,
in100.lejepa.s0.null.extL,in100.pairs100.v1@audit_v1.o8,sigma_c,student.z.embed~student.z.proj.tap2,holdout,16,0.017063726506156483,,,,
in100.lejepa.s0.null.extL,in100.pairs100.v1@audit_v1.o8,sigma_c,student.z.embed~student.z.proj.tap2,holdout,17,0.014043253993240397,,,,
in100.lejepa.s0.null.extL,in100.pairs100.v1@audit_v1.o8,sigma_c,student.z.embed~student.z.proj.tap2,holdout,18,0.013033346135549474,,,,
in100.lejepa.s0.null.extL,in100.pairs100.v1@audit_v1.o8,sigma_c,student.z.embed~student.z.proj.tap2,holdout,19,0.012587630882181296,,,,
in100.lejepa.s0.null.extL,in100.pairs100.v1@audit_v1.o8,sigma_c,student.z.embed~student.z.proj.tap2,holdout,20,0.01128694681521115,,,,
in100.lejepa.s0.null.extL,in100.pairs100.v1@audit_v1.o8,sigma_c,student.z.embed~student.z.proj.tap2,holdout,21,0.010253435403095973,,,,
in100.lejepa.s0.null.extL,in100.pairs100.v1@audit_v1.o8,sigma_c,student.z.embed~student.z.proj.tap2,holdout,22,0.007735436520947105,,,,
in100.lejepa.s0.null.extL,in100.pairs100.v1@audit_v1.o8,sigma_c,student.z.embed~student.z.proj.tap2,holdout,23,0.006912591917954698,,,,
in100.lejepa.s0.null.extL,in100.pairs100.v1@audit_v1.o8,sigma_c,student.z.embed~student.z.proj.tap2,holdout,24,0.0052877784203623586,,,,
in100.lejepa.s0.null.extL,in100.pairs100.v1@audit_v1.o8,sigma_c,student.z.embed~student.z.proj.tap2,holdout,25,0.004487540613774803,,,,
in100.lejepa.s0.null.extL,in100.pairs100.v1@audit_v1.o8,sigma_c,student.z.embed~student.z.proj.tap2,holdout,26,0.003965119771969068,,,,
in100.lejepa.s0.null.extL,in100.pairs100.v1@audit_v1.o8,sigma_c,student.z.embed~student.z.proj.tap2,holdout,27,0.003748879213535788,,,,
in100.lejepa.s0.null.extL,in100.pairs100.v1@audit_v1.o8,sigma_c,student.z.embed~student.z.proj.tap2,holdout,28,0.003195861388627464,,,,
in100.lejepa.s0.null.extL,in100.pairs100.v1@audit_v1.o8,sigma_c,student.z.embed~student.z.proj.tap2,holdout,29,0.002872684803595811,,,,
in100.lejepa.s0.null.extL,in100.pairs100.v1@audit_v1.o8,sigma_c,student.z.embed~student.z.proj.tap2,holdout,30,0.002713344408246509,,,,
in100.lejepa.s0.null.extL,in100.pairs100.v1@audit_v1.o8,sigma_c,student.z.embed~student.z.proj.tap2,holdout,31,0.0021604994631099,,,,
in100.lejepa.s0.null.extL,in100.pairs100.v1@audit_v1.o8,sigma_c,student.z.embed~student.z.proj.tap2,holdout,32,0.0018409880866450627,,,,
in100.lejepa.s0.null.extL,in100.pairs100.v1@audit_v1.o8,sigma_c,student.z.embed~student.z.proj.tap2,holdout,33,0.0012530838361287338,,,,
in100.lejepa.s0.null.extL,in100.pairs100.v1@audit_v1.o8,sigma_c,student.z.embed~student.z.proj.tap2,holdout,34,0.0008533449254938598,,,,
in100.lejepa.s0.null.extL,in100.pairs100.v1@audit_v1.o8,sigma_c,student.z.embed~student.z.proj.tap2,holdout,35,0.0005819892540150863,,,,
in100.lejepa.s0.null.extL,in100.pairs100.v1@audit_v1.o8,sigma_c,student.z.embed~student.z.proj.tap2,holdout,36,0.0005429640345401883,,,,
in100.lejepa.s0.null.extL,in100.pairs100.v1@audit_v1.o8,sigma_c,student.z.embed~student.z.proj.tap2,holdout,37,0.000285902096979462,,,,
in100.lejepa.s0.null.extL,in100.pairs100.v1@audit_v1.o8,sigma_c,student.z.embed~student.z.proj.tap2,holdout,38,0.00022957334254661898,,,,
in100.lejepa.s0.null.extL,in100.pairs100.v1@audit_v1.o8,sigma_c,student.z.embed~student.z.proj.tap2,holdout,39,6.794459532401751e-05,,,,
in100.lejepa.s0.null.extL,in100.pairs100.v1@audit_v1.o8,sigma_c,student.z.embed~student.z.proj.tap2,holdout,40,1.588775409320832e-05,,,,
in100.lejepa.s0.null.extL,in100.pairs100.v1@audit_v1.o8,sigma_c,student.z.embed~student.z.proj.tap2,insample,0,0.08697587124506562,,,,
in100.lejepa.s0.null.extL,in100.pairs100.v1@audit_v1.o8,sigma_c,student.z.embed~student.z.proj.tap2,insample,1,0.06473007126079622,,,,
in100.lejepa.s0.null.extL,in100.pairs100.v1@audit_v1.o8,sigma_c,student.z.embed~student.z.proj.tap2,insample,2,0.057979136327067964,,,,
in100.lejepa.s0.null.extL,in100.pairs100.v1@audit_v1.o8,sigma_c,student.z.embed~student.z.proj.tap2,insample,3,0.04941982037218363,,,,
in100.lejepa.s0.null.extL,in100.pairs100.v1@audit_v1.o8,sigma_c,student.z.embed~student.z.proj.tap2,insample,4,0.04538039107991594,,,,
in100.lejepa.s0.null.extL,in100.pairs100.v1@audit_v1.o8,sigma_c,student.z.embed~student.z.proj.tap2,insample,5,0.04078702246766126,,,,
in100.lejepa.s0.null.extL,in100.pairs100.v1@audit_v1.o8,sigma_c,student.z.embed~student.z.proj.tap2,insample,6,0.03465339274057739,,,,
in100.lejepa.s0.null.extL,in100.pairs100.v1@audit_v1.o8,sigma_c,student.z.embed~student.z.proj.tap2,insample,7,0.031945777926625306,,,,
in100.lejepa.s0.null.extL,in100.pairs100.v1@audit_v1.o8,sigma_c,student.z.embed~student.z.proj.tap2,insample,8,0.030503059713227566,,,,
in100.lejepa.s0.null.extL,in100.pairs100.v1@audit_v1.o8,sigma_c,student.z.embed~student.z.proj.tap2,insample,9,0.027729394423495243,,,,
in100.lejepa.s0.null.extL,in100.pairs100.v1@audit_v1.o8,sigma_c,student.z.embed~student.z.proj.tap2,insample,10,0.023581294406905526,,,,
in100.lejepa.s0.null.extL,in100.pairs100.v1@audit_v1.o8,sigma_c,student.z.embed~student.z.proj.tap2,insample,11,0.021397009805219178,,,,
in100.lejepa.s0.null.extL,in100.pairs100.v1@audit_v1.o8,sigma_c,student.z.embed~student.z.proj.tap2,insample,12,0.020973686656295457,,,,
in100.lejepa.s0.null.extL,in100.pairs100.v1@audit_v1.o8,sigma_c,student.z.embed~student.z.proj.tap2,insample,13,0.019779033362841127,,,,
in100.lejepa.s0.null.extL,in100.pairs100.v1@audit_v1.o8,sigma_c,student.z.embed~student.z.proj.tap2,insample,14,0.01640386536325142,,,,
in100.lejepa.s0.null.extL,in100.pairs100.v1@audit_v1.o8,sigma_c,student.z.embed~student.z.proj.tap2,insample,15,0.01455678678843814,,,,
in100.lejepa.s0.null.extL,in100.pairs100.v1@audit_v1.o8,sigma_c,student.z.embed~student.z.proj.tap2,insample,16,0.013387146887480734,,,,
in100.lejepa.s0.null.extL,in100.pairs100.v1@audit_v1.o8,sigma_c,student.z.embed~student.z.proj.tap2,insample,17,0.01070799589228266,,,,
in100.lejepa.s0.null.extL,in100.pairs100.v1@audit_v1.o8,sigma_c,student.z.embed~student.z.proj.tap2,insample,18,0.00984604941350896,,,,
in100.lejepa.s0.null.extL,in100.pairs100.v1@audit_v1.o8,sigma_c,student.z.embed~student.z.proj.tap2,insample,19,0.009686560258045457,,,,
in100.lejepa.s0.null.extL,in100.pairs100.v1@audit_v1.o8,sigma_c,student.z.embed~student.z.proj.tap2,insample,20,0.008348703655926746,,,,
in100.lejepa.s0.null.extL,in100.pairs100.v1@audit_v1.o8,sigma_c,student.z.embed~student.z.proj.tap2,insample,21,0.007643754738559014,,,,
in100.lejepa.s0.null.extL,in100.pairs100.v1@audit_v1.o8,sigma_c,student.z.embed~student.z.proj.tap2,insample,22,0.005693029780533518,,,,
in100.lejepa.s0.null.extL,in100.pairs100.v1@audit_v1.o8,sigma_c,student.z.embed~student.z.proj.tap2,insample,23,0.005311251591198701,,,,
in100.lejepa.s0.null.extL,in100.pairs100.v1@audit_v1.o8,sigma_c,student.z.embed~student.z.proj.tap2,insample,24,0.004167700625462356,,,,
in100.lejepa.s0.null.extL,in100.pairs100.v1@audit_v1.o8,sigma_c,student.z.embed~student.z.proj.tap2,insample,25,0.0035404618175482526,,,,
in100.lejepa.s0.null.extL,in100.pairs100.v1@audit_v1.o8,sigma_c,student.z.embed~student.z.proj.tap2,insample,26,0.002938317481560812,,,,
in100.lejepa.s0.null.extL,in100.pairs100.v1@audit_v1.o8,sigma_c,student.z.embed~student.z.proj.tap2,insample,27,0.002786671661346024,,,,
in100.lejepa.s0.null.extL,in100.pairs100.v1@audit_v1.o8,sigma_c,student.z.embed~student.z.proj.tap2,insample,28,0.0023923452303593272,,,,
in100.lejepa.s0.null.extL,in100.pairs100.v1@audit_v1.o8,sigma_c,student.z.embed~student.z.proj.tap2,insample,29,0.0021907718739303866,,,,
in100.lejepa.s0.null.extL,in100.pairs100.v1@audit_v1.o8,sigma_c,student.z.embed~student.z.proj.tap2,insample,30,0.002023287876032181,,,,
in100.lejepa.s0.null.extL,in100.pairs100.v1@audit_v1.o8,sigma_c,student.z.embed~student.z.proj.tap2,insample,31,0.0016681791819621254,,,,
in100.lejepa.s0.null.extL,in100.pairs100.v1@audit_v1.o8,sigma_c,student.z.embed~student.z.proj.tap2,insample,32,0.0013768791530471105,,,,
in100.lejepa.s0.null.extL,in100.pairs100.v1@audit_v1.o8,sigma_c,student.z.embed~student.z.proj.tap2,insample,33,0.0009765978356525925,,,,
in100.lejepa.s0.null.extL,in100.pairs100.v1@audit_v1.o8,sigma_c,student.z.embed~student.z.proj.tap2,insample,34,0.0006423134046296984,,,,
in100.lejepa.s0.null.extL,in100.pairs100.v1@audit_v1.o8,sigma_c,student.z.embed~student.z.proj.tap2,insample,35,0.0004450372000035912,,,,
in100.lejepa.s0.null.extL,in100.pairs100.v1@audit_v1.o8,sigma_c,student.z.embed~student.z.proj.tap2,insample,36,0.00040632380760571233,,,,
in100.lejepa.s0.null.extL,in100.pairs100.v1@audit_v1.o8,sigma_c,student.z.embed~student.z.proj.tap2,insample,37,0.000219732822105,,,,
in100.lejepa.s0.null.extL,in100.pairs100.v1@audit_v1.o8,sigma_c,student.z.embed~student.z.proj.tap2,insample,38,0.00017458544589813588,,,,
in100.lejepa.s0.null.extL,in100.pairs100.v1@audit_v1.o8,sigma_c,student.z.embed~student.z.proj.tap2,insample,39,5.18730762885565e-05,,,,
in100.lejepa.s0.null.extL,in100.pairs100.v1@audit_v1.o8,sigma_c,student.z.embed~student.z.proj.tap2,insample,40,1.2569679896104e-05,,,,
