run_id,manifest,kind,space,b_rank,b_top,theta_tr_over_r,theta_op,theta_med,a_tr,b_tr,bx_rel_gap,r,V_c,n_pred_views,resid_corr,resid_logcorr,resid_med_abs_gap,resid_med_ratio,w_law_relerr,G_ub_tr,G_ub_op,S_lb_tr,S_lb_op,theta_tr,S_lb_tr_linclosed,S_share_lb,r_z,d_h,n_train,n_test,floor_frac,map_effrank,map_rank_1pct,noise_floor,r2_acc_holdout,r2_min_holdout,frac_resid_gt0.5_holdout,frac_resid_gt0.2_holdout,frac_resid_gt0.1_holdout,r2_acc_insample,r2_min_insample,frac_resid_gt0.5_insample,frac_resid_gt0.2_insample,frac_resid_gt0.1_insample,n_classes,d_h_med,d_z_med,transfer_viol_frac,decomp_corr,decomp_med_ratio
in100.lejepa.s0.e12f2.ext,in100.pairs100.v1@audit_v1.o8,capacity,student.z.embed,326.0,3.8668007811334086,2.107213966220889,36.41920884491178,1.2175844152172401,217.1481218289992,243.16566384437382,0.015063728494382839,,,,,,,,,,,,,,,,,,,,,,,,,,,,,,,,,,,,,,,
in100.lejepa.s0.e12f2.ext,in100.pairs100.v1@audit_v1.o8,fidelity,student.z.embed,,,2.3987406471337827,59.20586126556832,,,,,324.0,4.0,4.0,0.9990684964913711,0.9991540346576441,0.029439163076342034,1.0471504665487041,0.18880244590910725,,,,,,,,,,,,,,,,,,,,,,,,,,,,,,,
in100.lejepa.s0.e12f2.ext,in100.pairs100.v1@audit_v1.o8,gs_linear,student.z.embed,,,,,,,,,,,,,,,,,207.3190553344784,5.341126616669264,570.2294339671934,54.52113049663369,777.1919696713456,606.5428809388255,0.7337047424825152,,,,,,,,,,,,,,,,,,,,,,,,
in100.lejepa.s0.e12f2.ext,in100.pairs100.v1@audit_v1.o8,capacity,student.h.cls.L03,100.0,0.9917913153923137,10.275876766400815,189.19798106425017,4.385655551925515,19.331058466308043,7.228764165053539,0.011685712321876728,,,,,,,,,,,,,,,,,,,,,,,,,,,,,,,,,,,,,,,
in100.lejepa.s0.e12f2.ext,in100.pairs100.v1@audit_v1.o8,fidelity,student.h.cls.L03,,,9.414602820954029,146.15037546838124,,,,,98.0,4.0,4.0,0.9997473785622871,0.9995611396688034,0.029144577242283032,0.9977336438378596,0.21693531745386355,,,,,,,,,,,,,,,,,,,,,,,,,,,,,,,
in100.lejepa.s0.e12f2.ext,in100.pairs100.v1@audit_v1.o8,gs_linear,student.h.cls.L03,,,,,,,,,,,,,,,,,77.95922404717975,3.011866031572387,844.6718524063155,144.11664799958186,922.6310764534949,847.5050766036851,0.9155033620297647,,,,,,,,,,,,,,,,,,,,,,,,
in100.lejepa.s0.e12f2.ext,in100.pairs100.v1@audit_v1.o8,capacity,student.h.cls.L06,182.0,3.214346284824206,4.74179019596274,71.18766501450602,2.3631761917304788,36.551109078515026,29.204750598590657,0.007317876900967648,,,,,,,,,,,,,,,,,,,,,,,,,,,,,,,,,,,,,,,
in100.lejepa.s0.e12f2.ext,in100.pairs100.v1@audit_v1.o8,fidelity,student.h.cls.L06,,,4.6182983881578705,59.37563710036757,,,,,182.0,4.0,4.0,0.9993511003038755,0.9994196472017832,0.01985137452887864,1.007574679620372,0.2067711520052431,,,,,,,,,,,,,,,,,,,,,,,,,,,,,,,
in100.lejepa.s0.e12f2.ext,in100.pairs100.v1@audit_v1.o8,gs_linear,student.h.cls.L06,,,,,,,,,,,,,,,,,130.47903357232371,2.498737049245941,710.0580437012725,58.292509461421474,840.5303066447324,717.6208145259869,0.8447738744075927,,,,,,,,,,,,,,,,,,,,,,,,
in100.lejepa.s0.e12f2.ext,in100.pairs100.v1@audit_v1.o8,capacity,student.h.cls.L09,324.0,5.230925403639138,3.0565817456561555,51.518597104180856,1.6469447107528223,69.1537092682018,92.07187436641797,0.006861100416648189,,,,,,,,,,,,,,,,,,,,,,,,,,,,,,,,,,,,,,,
in100.lejepa.s0.e12f2.ext,in100.pairs100.v1@audit_v1.o8,fidelity,student.h.cls.L09,,,3.0666600740450516,45.16261366922636,,,,,318.0,4.0,4.0,0.999360959878594,0.9992378941818597,0.03640765940609181,1.0427478141477702,0.21828928385105795,,,,,,,,,,,,,,,,,,,,,,,,,,,,,,,
in100.lejepa.s0.e12f2.ext,in100.pairs100.v1@audit_v1.o8,gs_linear,student.h.cls.L09,,,,,,,,,,,,,,,,,225.3472643068444,3.3733440129880705,749.8997961591282,42.96601502278598,975.1979035463266,783.8573914221444,0.7689719116828518,,,,,,,,,,,,,,,,,,,,,,,,
in100.lejepa.s0.e12f2.ext,in100.pairs100.v1@audit_v1.o8,capacity,student.h.gap.L03,71.0,2.620773622646549,4.9067956232527905,59.25915034855072,2.3273744559173486,10.78001231608065,8.231963150305083,0.003999942778254321,,,,,,,,,,,,,,,,,,,,,,,,,,,,,,,,,,,,,,,
in100.lejepa.s0.e12f2.ext,in100.pairs100.v1@audit_v1.o8,fidelity,student.h.gap.L03,,,4.794258798484704,52.1859668992297,,,,,71.0,4.0,4.0,0.9996106132790253,0.9994810079147345,0.023332097381090655,0.9911572519771369,0.14231227962223703,,,,,,,,,,,,,,,,,,,,,,,,,,,,,,,
in100.lejepa.s0.e12f2.ext,in100.pairs100.v1@audit_v1.o8,gs_linear,student.h.gap.L03,,,,,,,,,,,,,,,,,47.00897906227223,1.664091248537327,293.38339563014176,50.98597726862312,340.39237469241397,292.3314507520704,0.8618976729289234,,,,,,,,,,,,,,,,,,,,,,,,
in100.lejepa.s0.e12f2.ext,in100.pairs100.v1@audit_v1.o8,capacity,student.h.gap.L06,119.0,2.5130102549382642,3.0770513178126326,32.43066070840729,1.731716872470003,10.47094579761329,12.046750272456798,0.003693695158270247,,,,,,,,,,,,,,,,,,,,,,,,,,,,,,,,,,,,,,,
in100.lejepa.s0.e12f2.ext,in100.pairs100.v1@audit_v1.o8,fidelity,student.h.gap.L06,,,3.1674831480681043,31.349818855421926,,,,,119.0,4.0,4.0,0.9995106209417278,0.9994042146153096,0.017237239020655604,1.0023032990766947,0.14605597116119362,,,,,,,,,,,,,,,,,,,,,,,,,,,,,,,
in100.lejepa.s0.e12f2.ext,in100.pairs100.v1@audit_v1.o8,gs_linear,student.h.gap.L06,,,,,,,,,,,,,,,,,73.33916161261286,1.7456368751671978,303.6484973486175,30.30922247193009,376.9304946201043,304.28851065613907,0.8055822006512228,,,,,,,,,,,,,,,,,,,,,,,,
in100.lejepa.s0.e12f2.ext,in100.pairs100.v1@audit_v1.o8,capacity,student.h.gap.L09,190.0,2.349500592733522,2.161610803902825,19.116962304534013,1.561680843072808,10.35849842584718,16.44016503374543,0.0035509926885115783,,,,,,,,,,,,,,,,,,,,,,,,,,,,,,,,,,,,,,,
in100.lejepa.s0.e12f2.ext,in100.pairs100.v1@audit_v1.o8,fidelity,student.h.gap.L09,,,2.147606137905657,16.622679517221652,,,,,187.0,4.0,4.0,0.9990963145500461,0.9991680431661873,0.017815915385992254,1.017430626662022,0.1560867909597287,,,,,,,,,,,,,,,,,,,,,,,,,,,,,,,
in100.lejepa.s0.e12f2.ext,in100.pairs100.v1@audit_v1.o8,gs_linear,student.h.gap.L09,,,,,,,,,,,,,,,,,112.45282881440974,1.6172281788550342,289.19307529941455,15.521293589722223,401.60234778835786,293.2046539288143,0.7200980693763713,,,,,,,,,,,,,,,,,,,,,,,,
in100.lejepa.s0.e12f2.ext,in100.pairs100.v1@audit_v1.o8,capacity,student.z.proj.out,16.0,1.0684288254860828,0.07560080720316958,0.11527178393870706,0.07626703692246198,1.0499469530176033,14.33778504400709,0.0003996197255149472,,,,,,,,,,,,,,,,,,,,,,,,,,,,,,,,,,,,,,,
in100.lejepa.s0.e12f2.ext,in100.pairs100.v1@audit_v1.o8,fidelity,student.z.proj.out,,,0.07597793921166329,0.11687873499821876,,,,,16.0,4.0,4.0,0.9913845844204139,0.9915917593967614,0.0019450555412226789,0.9898558770477366,0.009310500672986558,,,,,,,,,,,,,,,,,,,,,,,,,,,,,,,
in100.lejepa.s0.e12f2.ext,in100.pairs100.v1@audit_v1.o8,gs_linear,student.z.proj.out,,,,,,,,,,,,,,,,,1.113947598151521,0.10007192924399515,0.12368721772545355,0.02209371076444821,1.2156470273866127,0.09200791497664852,0.10174599611480582,,,,,,,,,,,,,,,,,,,,,,,,
in100.lejepa.s0.e12f2.ext,in100.pairs100.v1@audit_v1.o8,capacity,student.z.proj.tap1,431.0,9.254544460120501,0.8111070032813699,6.592140817227319,0.7032882012095982,27.398693119309897,94.28187985603202,0.0021691460590334832,,,,,,,,,,,,,,,,,,,,,,,,,,,,,,,,,,,,,,,
in100.lejepa.s0.e12f2.ext,in100.pairs100.v1@audit_v1.o8,fidelity,student.z.proj.tap1,,,0.7807700926567498,5.954917745430065,,,,,438.0,4.0,4.0,0.9986385132302534,0.9989573493281336,0.010730286605736897,1.0130629708377596,0.1473229616607179,,,,,,,,,,,,,,,,,,,,,,,,,,,,,,,
in100.lejepa.s0.e12f2.ext,in100.pairs100.v1@audit_v1.o8,gs_linear,student.z.proj.tap1,,,,,,,,,,,,,,,,,172.79847006709167,1.2132374615364352,171.31204580796137,5.076136991688317,341.9773005836564,171.7470035056022,0.5009456636904883,,,,,,,,,,,,,,,,,,,,,,,,
in100.lejepa.s0.e12f2.ext,in100.pairs100.v1@audit_v1.o8,capacity,student.z.proj.tap2,196.0,10.130219379204105,0.31152745680915583,1.6700424640272316,0.29234128314775193,8.913394226326648,73.78719906547805,0.0007381583329039167,,,,,,,,,,,,,,,,,,,,,,,,,,,,,,,,,,,,,,,
in100.lejepa.s0.e12f2.ext,in100.pairs100.v1@audit_v1.o8,fidelity,student.z.proj.tap2,,,0.3098266698935888,1.7085630408444235,,,,,196.0,4.0,4.0,0.998675183272826,0.9976641229281493,0.005382042423503222,1.0093876570347868,0.064845507319415,,,,,,,,,,,,,,,,,,,,,,,,,,,,,,,
in100.lejepa.s0.e12f2.ext,in100.pairs100.v1@audit_v1.o8,gs_linear,student.z.proj.tap2,,,,,,,,,,,,,,,,,43.56300743782816,0.6882059468362537,18.215177245391875,1.0784305964319847,60.726027299143404,17.413598376190485,0.29995667517754476,,,,,,,,,,,,,,,,,,,,,,,,
in100.lejepa.s0.e12f2.ext,in100.pairs100.v1@audit_v1.o8,accessibility,student.z.embed~student.z.embed,,,,,,,,,,,,,,,,,,,,,,,,330.0,512.0,5000.0,5000.0,0.001,55.06719619071041,330.0,0.17202459513749938,0.9999999999999439,0.9999999999978363,0.0,0.0,0.0,0.999999999999952,0.9999999999982837,0.0,0.0,0.0,,,,,,
in100.lejepa.s0.e12f2.ext,in100.pairs100.v1@audit_v1.o8,accessibility,student.z.embed~student.z.proj.out,,,,,,,,,,,,,,,,,,,,,,,,16.0,512.0,5000.0,5000.0,0.001,13.891340128682334,16.0,0.009390908397397464,0.9750386438538899,0.9580155848503012,0.0,0.0,0.0,0.980053598975553,0.9682417373919865,0.0,0.0,0.0,,,,,,
in100.lejepa.s0.e12f2.ext,in100.pairs100.v1@audit_v1.o8,accessibility,student.z.embed~student.z.proj.tap1,,,,,,,,,,,,,,,,,,,,,,,,483.0,512.0,5000.0,5000.0,0.001,102.80321923945888,165.0,0.09506815640168652,0.4845016541021483,-0.6590334323731195,0.46790890269151136,0.6459627329192547,0.7577639751552795,0.5156368033629006,0.0003795582663854713,0.47619047619047616,0.6231884057971014,0.7246376811594203,,,,,,
in100.lejepa.s0.e12f2.ext,in100.pairs100.v1@audit_v1.o8,accessibility,student.z.embed~student.z.proj.tap2,,,,,,,,,,,,,,,,,,,,,,,,204.0,512.0,5000.0,5000.0,0.001,79.81947070340276,142.0,0.03820874489601141,0.534413947734664,-0.34369033475536703,0.4362745098039216,0.6764705882352942,0.7794117647058824,0.6085044461810449,0.08914360315840264,0.3872549019607843,0.6421568627450981,0.7549019607843137,,,,,,
in100.lejepa.s0.e12f2.ext,in100.pairs100.v1@audit_v1.o8,accessibility,student.h.cls.L03~student.z.embed,,,,,,,,,,,,,,,,,,,,,,,,330.0,384.0,5000.0,5000.0,0.001,1.2385150875321544,73.0,0.17202459513749938,0.05265226185985472,-1.1359117506359686,0.8242424242424242,0.9575757575757575,0.9848484848484849,0.24278300104580675,0.0009128313463203641,0.8121212121212121,0.9454545454545454,0.9787878787878788,,,,,,
in100.lejepa.s0.e12f2.ext,in100.pairs100.v1@audit_v1.o8,accessibility,student.h.cls.L03~student.z.proj.out,,,,,,,,,,,,,,,,,,,,,,,,16.0,384.0,5000.0,5000.0,0.001,1.2617780250760244,16.0,0.009390908397397464,0.38706596450839426,0.030959064452315,0.6875,0.9375,1.0,0.48596352258369324,0.24027791027000867,0.5,0.9375,1.0,,,,,,
in100.lejepa.s0.e12f2.ext,in100.pairs100.v1@audit_v1.o8,accessibility,student.h.cls.L03~student.z.proj.tap1,,,,,,,,,,,,,,,,,,,,,,,,483.0,384.0,5000.0,5000.0,0.001,1.208757000159391,66.0,0.09506815640168652,0.08091455381711365,-1.577356328213848,0.8157349896480331,0.9813664596273292,0.9937888198757764,0.16565672345605487,-1.1124434706744069e-13,0.8985507246376812,0.9772256728778468,0.9917184265010351,,,,,,
in100.lejepa.s0.e12f2.ext,in100.pairs100.v1@audit_v1.o8,accessibility,student.h.cls.L03~student.z.proj.tap2,,,,,,,,,,,,,,,,,,,,,,,,204.0,384.0,5000.0,5000.0,0.001,1.2203477328203263,66.0,0.03820874489601141,0.054043149583478445,-1.4037303157557792,0.9166666666666666,0.9803921568627451,0.9950980392156863,0.18872004871199333,0.010371121741704958,0.9068627450980392,0.9803921568627451,0.9950980392156863,,,,,,
in100.lejepa.s0.e12f2.ext,in100.pairs100.v1@audit_v1.o8,accessibility,student.h.cls.L06~student.z.embed,,,,,,,,,,,,,,,,,,,,,,,,330.0,384.0,5000.0,5000.0,0.001,1.0351673582924736,1.0,0.17202459513749938,0.24971732630796117,-0.965096676498397,0.6515151515151515,0.8666666666666667,0.9575757575757575,0.39392420716134036,0.0030106821617490453,0.6272727272727273,0.8454545454545455,0.9424242424242424,,,,,,
in100.lejepa.s0.e12f2.ext,in100.pairs100.v1@audit_v1.o8,accessibility,student.h.cls.L06~student.z.proj.out,,,,,,,,,,,,,,,,,,,,,,,,16.0,384.0,5000.0,5000.0,0.001,1.0372083371875074,14.0,0.009390908397397464,0.6009574130968178,0.315487783021542,0.3125,0.875,0.9375,0.6658868051132637,0.461449014619726,0.125,0.8125,0.9375,,,,,,
in100.lejepa.s0.e12f2.ext,in100.pairs100.v1@audit_v1.o8,accessibility,student.h.cls.L06~student.z.proj.tap1,,,,,,,,,,,,,,,,,,,,,,,,483.0,384.0,5000.0,5000.0,0.001,1.028053996145705,1.0,0.09506815640168652,0.1826256448286122,-1.447208166119208,0.7287784679089027,0.9503105590062112,0.9834368530020704,0.24606791724463195,-1.3233858453531866e-13,0.7888198757763976,0.937888198757764,0.979296066252588,,,,,,
in100.lejepa.s0.e12f2.ext,in100.pairs100.v1@audit_v1.o8,accessibility,student.h.cls.L06~student.z.proj.tap2,,,,,,,,,,,,,,,,,,,,,,,,204.0,384.0,5000.0,5000.0,0.001,1.0280898223656236,1.0,0.03820874489601141,0.167516517189504,-1.247821897131844,0.8137254901960784,0.9607843137254902,0.9852941176470589,0.28191738183443305,0.015942708397888916,0.7990196078431373,0.9509803921568627,0.9803921568627451,,,,,,
in100.lejepa.s0.e12f2.ext,in100.pairs100.v1@audit_v1.o8,accessibility,student.h.cls.L09~student.z.embed,,,,,,,,,,,,,,,,,,,,,,,,330.0,384.0,5000.0,5000.0,0.001,1.0299247727193142,1.0,0.17202459513749938,0.622516898323622,-0.43468070916091994,0.296969696969697,0.5696969696969697,0.7515151515151515,0.6900275954743516,0.04481404814126211,0.24848484848484848,0.5303030303030303,0.7090909090909091,,,,,,
in100.lejepa.s0.e12f2.ext,in100.pairs100.v1@audit_v1.o8,accessibility,student.h.cls.L09~student.z.proj.out,,,,,,,,,,,,,,,,,,,,,,,,16.0,384.0,5000.0,5000.0,0.001,1.0142282051248401,7.0,0.009390908397397464,0.8372216718221546,0.7006220641086498,0.0,0.3125,0.8125,0.8633412840350714,0.7465403431023938,0.0,0.125,0.6875,,,,,,
in100.lejepa.s0.e12f2.ext,in100.pairs100.v1@audit_v1.o8,accessibility,student.h.cls.L09~student.z.proj.tap1,,,,,,,,,,,,,,,,,,,,,,,,483.0,384.0,5000.0,5000.0,0.001,1.0098861336088665,1.0,0.09506815640168652,0.35441451795967016,-1.159904719964346,0.5755693581780539,0.8260869565217391,0.937888198757764,0.3845703885995123,-1.3722356584366935e-13,0.6045548654244306,0.8095238095238095,0.9213250517598344,,,,,,
in100.lejepa.s0.e12f2.ext,in100.pairs100.v1@audit_v1.o8,accessibility,student.h.cls.L09~student.z.proj.tap2,,,,,,,,,,,,,,,,,,,,,,,,204.0,384.0,5000.0,5000.0,0.001,1.0116625506757613,1.0,0.03820874489601141,0.36668189854904376,-0.8985334328682564,0.6127450980392157,0.8725490196078431,0.9509803921568627,0.44833264344651647,0.03836307768303793,0.5784313725490197,0.8578431372549019,0.9362745098039216,,,,,,
in100.lejepa.s0.e12f2.ext,in100.pairs100.v1@audit_v1.o8,accessibility,student.h.gap.L03~student.z.embed,,,,,,,,,,,,,,,,,,,,,,,,330.0,384.0,5000.0,5000.0,0.001,1.074574921645518,15.0,0.17202459513749938,0.07611642796779172,-1.1269780192838557,0.803030303030303,0.9515151515151515,0.9818181818181818,0.2601685159833941,0.0009845453207595334,0.7878787878787878,0.9424242424242424,0.9787878787878788,,,,,,
in100.lejepa.s0.e12f2.ext,in100.pairs100.v1@audit_v1.o8,accessibility,student.h.gap.L03~student.z.proj.out,,,,,,,,,,,,,,,,,,,,,,,,16.0,384.0,5000.0,5000.0,0.001,1.1093085112996905,16.0,0.009390908397397464,0.44797564099696086,0.08397325805538425,0.625,0.9375,1.0,0.5346565088705799,0.2786903450901951,0.5,0.875,1.0,,,,,,
in100.lejepa.s0.e12f2.ext,in100.pairs100.v1@audit_v1.o8,accessibility,student.h.gap.L03~student.z.proj.tap1,,,,,,,,,,,,,,,,,,,,,,,,483.0,384.0,5000.0,5000.0,0.001,1.0669075128306702,8.0,0.09506815640168652,0.1021850185414559,-1.5385032750922845,0.7971014492753623,0.9751552795031055,0.9917184265010351,0.18151733502351697,-1.0880185641326534e-13,0.8757763975155279,0.9710144927536232,0.989648033126294,,,,,,
in100.lejepa.s0.e12f2.ext,in100.pairs100.v1@audit_v1.o8,accessibility,student.h.gap.L03~student.z.proj.tap2,,,,,,,,,,,,,,,,,,,,,,,,204.0,384.0,5000.0,5000.0,0.001,1.0610289326450166,12.0,0.03820874489601141,0.08470150421116363,-1.3673081293670561,0.8872549019607843,0.9754901960784313,0.9950980392156863,0.21399222489872738,0.010222903711976095,0.8725490196078431,0.9705882352941176,0.9901960784313726,,,,,,
in100.lejepa.s0.e12f2.ext,in100.pairs100.v1@audit_v1.o8,accessibility,student.h.gap.L06~student.z.embed,,,,,,,,,,,,,,,,,,,,,,,,330.0,384.0,5000.0,5000.0,0.001,1.0392159289504783,1.0,0.17202459513749938,0.18635306881851532,-1.0232972687146802,0.706060606060606,0.9090909090909091,0.9666666666666667,0.3448396689422857,0.0017777865666835924,0.6848484848484848,0.8878787878787879,0.9606060606060606,,,,,,
in100.lejepa.s0.e12f2.ext,in100.pairs100.v1@audit_v1.o8,accessibility,student.h.gap.L06~student.z.proj.out,,,,,,,,,,,,,,,,,,,,,,,,16.0,384.0,5000.0,5000.0,0.001,1.0301929325521364,13.0,0.009390908397397464,0.6249327464253216,0.37943086271978166,0.25,0.875,0.9375,0.6835719499960484,0.4591538555749868,0.0625,0.75,0.9375,,,,,,
in100.lejepa.s0.e12f2.ext,in100.pairs100.v1@audit_v1.o8,accessibility,student.h.gap.L06~student.z.proj.tap1,,,,,,,,,,,,,,,,,,,,,,,,483.0,384.0,5000.0,5000.0,0.001,1.0253248116927027,1.0,0.09506815640168652,0.16979550882083627,-1.4075045553361738,0.7432712215320911,0.9544513457556936,0.9834368530020704,0.23436860806473958,-1.2589929099249275e-13,0.8115942028985508,0.9440993788819876,0.979296066252588,,,,,,
in100.lejepa.s0.e12f2.ext,in100.pairs100.v1@audit_v1.o8,accessibility,student.h.gap.L06~student.z.proj.tap2,,,,,,,,,,,,,,,,,,,,,,,,204.0,384.0,5000.0,5000.0,0.001,1.0248338776067378,1.0,0.03820874489601141,0.16843813540315822,-1.2162777108363079,0.8088235294117647,0.9509803921568627,0.9852941176470589,0.28219227867636865,0.01669067416462322,0.7990196078431373,0.9411764705882353,0.9803921568627451,,,,,,
in100.lejepa.s0.e12f2.ext,in100.pairs100.v1@audit_v1.o8,accessibility,student.h.gap.L09~student.z.embed,,,,,,,,,,,,,,,,,,,,,,,,330.0,384.0,5000.0,5000.0,0.001,1.0227877979088567,1.0,0.17202459513749938,0.2747490544881299,-0.8992823410716164,0.6272727272727273,0.8666666666666667,0.9515151515151515,0.4141371039541394,0.002899049456442482,0.5969696969696969,0.8424242424242424,0.9393939393939394,,,,,,
in100.lejepa.s0.e12f2.ext,in100.pairs100.v1@audit_v1.o8,accessibility,student.h.gap.L09~student.z.proj.out,,,,,,,,,,,,,,,,,,,,,,,,16.0,384.0,5000.0,5000.0,0.001,1.0181829841476409,10.0,0.009390908397397464,0.7530004225683113,0.5626720150114061,0.0,0.625,0.875,0.7903564155807316,0.6212294079125038,0.0,0.5,0.875,,,,,,
in100.lejepa.s0.e12f2.ext,in100.pairs100.v1@audit_v1.o8,accessibility,student.h.gap.L09~student.z.proj.tap1,,,,,,,,,,,,,,,,,,,,,,,,483.0,384.0,5000.0,5000.0,0.001,1.0163947337723807,1.0,0.09506815640168652,0.23004891989557097,-1.3296221587125352,0.6915113871635611,0.9254658385093167,0.9710144927536232,0.28344835757647424,-1.1746159600534156e-13,0.7494824016563147,0.9130434782608695,0.9648033126293996,,,,,,
in100.lejepa.s0.e12f2.ext,in100.pairs100.v1@audit_v1.o8,accessibility,student.h.gap.L09~student.z.proj.tap2,,,,,,,,,,,,,,,,,,,,,,,,204.0,384.0,5000.0,5000.0,0.001,1.0167929455374973,1.0,0.03820874489601141,0.2521768442658715,-1.113816128787923,0.7303921568627451,0.9264705882352942,0.9754901960784313,0.3531226590980756,0.02505477178138027,0.7107843137254902,0.9068627450980392,0.9705882352941176,,,,,,
in100.lejepa.s0.e12f2.ext,in100.pairs100.v1@audit_v1.o8,organization,student.z.embed~student.z.proj.out,,,,,,,,,,,,,,,,,,,,,,,,,,,,,,,,,,,,,,,,,,100.0,0.8438573380732988,0.9441648677730929,0.0,0.9934131600445218,0.9417226194681942
