run_id,manifest,space,cls,d_h,d_z,dir_resid,transfer_bound,probe_err,decomp_pred
in100.dino.s0.e20f.ext,in100.pairs100.v1@audit_v1.o8,teacher.h.cls~student.z.dino.bottleneck,0,0.8183186248350907,0.7406118546000092,0.25758783696923304,1.2481429738126473,0.7535682466792277,0.818932344388738
in100.dino.s0.e20f.ext,in100.pairs100.v1@audit_v1.o8,teacher.h.cls~student.z.dino.bottleneck,1,0.7953758804542542,0.6222181859175282,0.41046143950707437,1.262890832053661,0.7519502947121852,0.7822706568626402
in100.dino.s0.e20f.ext,in100.pairs100.v1@audit_v1.o8,teacher.h.cls~student.z.dino.bottleneck,2,0.9583435827984152,0.9383613566479498,0.07790918331411305,1.2174835222208635,0.9526786355482709,1.0017789020223096
in100.dino.s0.e20f.ext,in100.pairs100.v1@audit_v1.o8,teacher.h.cls~student.z.dino.bottleneck,3,0.849005383508272,0.775467421739709,0.20733368141048206,1.2308065057314985,0.7937243973386431,0.8551510780823576
in100.dino.s0.e20f.ext,in100.pairs100.v1@audit_v1.o8,teacher.h.cls~student.z.dino.bottleneck,4,0.8571771539700926,0.720935268313426,0.2714545493805326,1.2419482713954342,0.8201327507905393,0.858492149007059
in100.dino.s0.e20f.ext,in100.pairs100.v1@audit_v1.o8,teacher.h.cls~student.z.dino.bottleneck,5,0.7643409607728733,0.5331293840595862,0.31331861807277833,1.0928780938149356,0.6660141037705901,0.7382402278287513
in100.dino.s0.e20f.ext,in100.pairs100.v1@audit_v1.o8,teacher.h.cls~student.z.dino.bottleneck,6,0.9215298605251815,0.6982135712729868,0.42966261946792805,1.3537001229793724,1.0662412216825274,1.0480210460579333
in100.dino.s0.e20f.ext,in100.pairs100.v1@audit_v1.o8,teacher.h.cls~student.z.dino.bottleneck,7,1.0187231068992175,0.9878284456874336,0.13962250617133748,1.3614893965122923,1.0844669274384477,1.126886225183222
in100.dino.s0.e20f.ext,in100.pairs100.v1@audit_v1.o8,teacher.h.cls~student.z.dino.bottleneck,8,1.022310117859692,0.9736584907933165,0.17289972547328886,1.3894706184102112,1.103371816350865,1.1302553977251866
in100.dino.s0.e20f.ext,in100.pairs100.v1@audit_v1.o8,teacher.h.cls~student.z.dino.bottleneck,9,1.0456343859311124,0.8745903604938582,0.2902405784910486,1.4133301664215887,1.1869200729410683,1.1912383002392706
in100.dino.s0.e20f.ext,in100.pairs100.v1@audit_v1.o8,teacher.h.cls~student.z.dino.bottleneck,10,0.8580566382350563,0.7228137341340706,0.24163457047354236,1.2143771282894353,0.7778314323280024,0.8415237191015305
in100.dino.s0.e20f.ext,in100.pairs100.v1@audit_v1.o8,teacher.h.cls~student.z.dino.bottleneck,11,1.1327411010814008,1.0669137165790894,0.2074938388048583,1.5224286326958487,1.4419601772414061,1.3821961115431702
in100.dino.s0.e20f.ext,in100.pairs100.v1@audit_v1.o8,teacher.h.cls~student.z.dino.bottleneck,12,0.9564801736590353,0.8719240712517229,0.3007493005129394,1.420330216834483,1.0556017511604965,1.051599063058217
in100.dino.s0.e20f.ext,in100.pairs100.v1@audit_v1.o8,teacher.h.cls~student.z.dino.bottleneck,13,1.2229885232391293,1.2018150587996195,0.042237532432716884,1.4073327768501975,1.479387476831559,1.5484970804105778
in100.dino.s0.e20f.ext,in100.pairs100.v1@audit_v1.o8,teacher.h.cls~student.z.dino.bottleneck,14,0.9707306854594628,0.9331211983529706,0.1305501061770675,1.2944383805863477,1.0014606097417957,1.0383804559740701
in100.dino.s0.e20f.ext,in100.pairs100.v1@audit_v1.o8,teacher.h.cls~student.z.dino.bottleneck,15,0.8846381525701317,0.8140088165414853,0.16618818344296074,1.2216706659252126,0.8616487782167713,0.8946529941868379
in100.dino.s0.e20f.ext,in100.pairs100.v1@audit_v1.o8,teacher.h.cls~student.z.dino.bottleneck,16,0.8687732098365768,0.8428907715978299,0.05499387167868498,1.0773984936000809,0.748327558468527,0.8146641197640735
in100.dino.s0.e20f.ext,in100.pairs100.v1@audit_v1.o8,teacher.h.cls~student.z.dino.bottleneck,17,0.8575337749156677,0.8465193252060034,0.06713155494427811,1.1056169032423062,0.7402470219847238,0.7945127369228409
in100.dino.s0.e20f.ext,in100.pairs100.v1@audit_v1.o8,teacher.h.cls~student.z.dino.bottleneck,18,0.9011789908897166,0.8877769680301181,0.09409700901885792,1.1945293258350058,0.8363111123229455,0.8790338304834033
in100.dino.s0.e20f.ext,in100.pairs100.v1@audit_v1.o8,teacher.h.cls~student.z.dino.bottleneck,19,0.8624019222103648,0.8397992947252372,0.05570107104484697,1.0758100382197802,0.7378220140085361,0.805702710972502
in100.dino.s0.e20f.ext,in100.pairs100.v1@audit_v1.o8,teacher.h.cls~student.z.dino.bottleneck,20,1.0695909780725945,1.0604947345584868,0.044658664372817056,1.2718207016633767,1.1283168299139195,1.1983877296614835
in100.dino.s0.e20f.ext,in100.pairs100.v1@audit_v1.o8,teacher.h.cls~student.z.dino.bottleneck,21,1.048456277717659,1.0248149572459386,0.03621385878410031,1.2151143497412913,1.0621466711055894,1.1477044515358865
in100.dino.s0.e20f.ext,in100.pairs100.v1@audit_v1.o8,teacher.h.cls~student.z.dino.bottleneck,22,0.9077690227620412,0.8721893871561235,0.07252735240404182,1.141498414862292,0.813383728093199,0.886782111651588
in100.dino.s0.e20f.ext,in100.pairs100.v1@audit_v1.o8,teacher.h.cls~student.z.dino.bottleneck,23,0.9007981425703736,0.8876613988681618,0.07079307578474454,1.1537310810657857,0.8334840881936206,0.8934485693335172
in100.dino.s0.e20f.ext,in100.pairs100.v1@audit_v1.o8,teacher.h.cls~student.z.dino.bottleneck,24,0.9115057779051546,0.8837324929820796,0.10791772347868893,1.212240823894233,0.8514319265614079,0.928118266453564
in100.dino.s0.e20f.ext,in100.pairs100.v1@audit_v1.o8,teacher.h.cls~student.z.dino.bottleneck,25,0.8084901626737978,0.5830424377752222,0.36258309919451465,1.1851911728851738,0.7754457368493395,0.8138000366695547
in100.dino.s0.e20f.ext,in100.pairs100.v1@audit_v1.o8,teacher.h.cls~student.z.dino.bottleneck,26,0.858364906058992,0.8295200745157629,0.1459100032664,1.2115017537444923,0.734813250696722,0.8387978726826922
in100.dino.s0.e20f.ext,in100.pairs100.v1@audit_v1.o8,teacher.h.cls~student.z.dino.bottleneck,27,0.9955747259260906,0.9424361187731076,0.08345513555406989,1.231322143970018,1.0127826709837067,1.0660102765747583
in100.dino.s0.e20f.ext,in100.pairs100.v1@audit_v1.o8,teacher.h.cls~student.z.dino.bottleneck,28,0.8435574779038768,0.8234075662838442,0.06585003032231024,1.0800201737728572,0.6850789855838483,0.782234083226549
in100.dino.s0.e20f.ext,in100.pairs100.v1@audit_v1.o8,teacher.h.cls~student.z.dino.bottleneck,29,1.0380816051583683,1.039969166262452,0.04173340466671209,1.2442567201337342,1.0753220241412689,1.1247734046252775
in100.dino.s0.e20f.ext,in100.pairs100.v1@audit_v1.o8,teacher.h.cls~student.z.dino.bottleneck,30,0.8441628759845938,0.8161682239335741,0.10900094495241017,1.1463211354040173,0.701408125700137,0.7799109075436499
in100.dino.s0.e20f.ext,in100.pairs100.v1@audit_v1.o8,teacher.h.cls~student.z.dino.bottleneck,31,0.908300886536493,0.8974399409190692,0.06168660699509809,1.1458078273196626,0.8250693955806475,0.9115572610410867
in100.dino.s0.e20f.ext,in100.pairs100.v1@audit_v1.o8,teacher.h.cls~student.z.dino.bottleneck,32,0.9205844709656694,0.8822330088497091,0.09364570492429215,1.1882488661582677,0.8488475493626493,0.9294875811038743
in100.dino.s0.e20f.ext,in100.pairs100.v1@audit_v1.o8,teacher.h.cls~student.z.dino.bottleneck,33,0.9253827462034436,0.652617909692576,0.47188223546653774,1.3395547593858632,0.9902966634448678,0.9894037490933671
in100.dino.s0.e20f.ext,in100.pairs100.v1@audit_v1.o8,teacher.h.cls~student.z.dino.bottleneck,34,0.8878555406469231,0.8620887463520848,0.07651145890688103,1.1386957941778424,0.8055062502621555,0.8698052057565248
in100.dino.s0.e20f.ext,in100.pairs100.v1@audit_v1.o8,teacher.h.cls~student.z.dino.bottleneck,35,0.8092022448531876,0.6000440343569776,0.38741573878181745,1.2224713303376546,0.76497733876641,0.8109730157971881
in100.dino.s0.e20f.ext,in100.pairs100.v1@audit_v1.o8,teacher.h.cls~student.z.dino.bottleneck,36,0.7514925524153794,0.6196584482010552,0.240181096392238,1.1097411926353375,0.5985698931209803,0.6822482199897064
in100.dino.s0.e20f.ext,in100.pairs100.v1@audit_v1.o8,teacher.h.cls~student.z.dino.bottleneck,37,0.9359765824012871,0.8409261549445733,0.24187134420813172,1.3327303275662905,0.9814514995401549,1.0008144066642388
in100.dino.s0.e20f.ext,in100.pairs100.v1@audit_v1.o8,teacher.h.cls~student.z.dino.bottleneck,38,0.9105348857776651,0.8975552459122799,0.18700226647290027,1.3299928327070685,0.8494752354804334,0.9305688962844316
in100.dino.s0.e20f.ext,in100.pairs100.v1@audit_v1.o8,teacher.h.cls~student.z.dino.bottleneck,39,0.8165029150924689,0.6156183062248338,0.3740836167076859,1.2272420604297256,0.7499400270096969,0.8067843900832796
in100.dino.s0.e20f.ext,in100.pairs100.v1@audit_v1.o8,teacher.h.cls~student.z.dino.bottleneck,40,0.7919630633833976,0.7454358216924557,0.10440074984267926,1.0685468704708583,0.6423260897618944,0.706311014123496
in100.dino.s0.e20f.ext,in100.pairs100.v1@audit_v1.o8,teacher.h.cls~student.z.dino.bottleneck,41,0.9131961494209166,0.8117336505307025,0.22108838638014328,1.281934018863335,0.8919119631585565,0.9340405576171649
in100.dino.s0.e20f.ext,in100.pairs100.v1@audit_v1.o8,teacher.h.cls~student.z.dino.bottleneck,42,0.7918429430917979,0.7204715063331502,0.17865723442620005,1.1431501483606366,0.6565984997061745,0.7371675316807873
in100.dino.s0.e20f.ext,in100.pairs100.v1@audit_v1.o8,teacher.h.cls~student.z.dino.bottleneck,43,0.8667814388456746,0.787158065459519,0.14910540753086338,1.17329975905251,0.7739893593542467,0.8532853318145464
in100.dino.s0.e20f.ext,in100.pairs100.v1@audit_v1.o8,teacher.h.cls~student.z.dino.bottleneck,44,0.8260306111175224,0.6656055363578968,0.2315003521128206,1.146750371218275,0.7782195265624459,0.8362389559024406
in100.dino.s0.e20f.ext,in100.pairs100.v1@audit_v1.o8,teacher.h.cls~student.z.dino.bottleneck,45,0.957739990431943,0.9330535428689608,0.06652253755736866,1.1909731767810938,0.9068678664715145,0.983608488960797
in100.dino.s0.e20f.ext,in100.pairs100.v1@audit_v1.o8,teacher.h.cls~student.z.dino.bottleneck,46,0.9054495462105135,0.7338198913788359,0.38440896410143216,1.3538271204507493,0.9077540543588202,0.9561364468850638
in100.dino.s0.e20f.ext,in100.pairs100.v1@audit_v1.o8,teacher.h.cls~student.z.dino.bottleneck,47,0.8870077368253124,0.7084697067514132,0.4274794738750403,1.3622888513740223,0.8774537516515076,0.939746079187434
in100.dino.s0.e20f.ext,in100.pairs100.v1@audit_v1.o8,teacher.h.cls~student.z.dino.bottleneck,48,0.7876324761444796,0.7137992896269686,0.2059897903463116,1.167660270926652,0.6142109741668391,0.7070102603264363
in100.dino.s0.e20f.ext,in100.pairs100.v1@audit_v1.o8,teacher.h.cls~student.z.dino.bottleneck,49,0.9339196987154903,0.8318950052354215,0.3360323193056246,1.4115779524622867,0.8947127594512081,0.9729908668427124
in100.dino.s0.e20f.ext,in100.pairs100.v1@audit_v1.o8,teacher.h.cls~student.z.dino.bottleneck,50,0.8765448409970567,0.7003776117697881,0.2834502984229599,1.2327781174259715,0.8431941228976971,0.8967159529067277
in100.dino.s0.e20f.ext,in100.pairs100.v1@audit_v1.o8,teacher.h.cls~student.z.dino.bottleneck,51,0.9564743243047132,0.9500370387796713,0.04366847665571984,1.1590070764781888,0.900781588816219,0.9700233586614583
in100.dino.s0.e20f.ext,in100.pairs100.v1@audit_v1.o8,teacher.h.cls~student.z.dino.bottleneck,52,0.9259879314214952,0.7491801422758536,0.35307978580691923,1.343385313750252,0.9430244552357994,0.958108971073544
in100.dino.s0.e20f.ext,in100.pairs100.v1@audit_v1.o8,teacher.h.cls~student.z.dino.bottleneck,53,0.9130222647864551,0.8764878377354015,0.15054453130987167,1.2644885224124671,0.855265908484216,0.9101343838063888
in100.dino.s0.e20f.ext,in100.pairs100.v1@audit_v1.o8,teacher.h.cls~student.z.dino.bottleneck,54,0.8354824784950998,0.7513017325924589,0.32844394335456084,1.3244020234269347,0.7478512407688772,0.825864781236644
in100.dino.s0.e20f.ext,in100.pairs100.v1@audit_v1.o8,teacher.h.cls~student.z.dino.bottleneck,55,0.9565459046067287,0.7516160976485929,0.4592854254558887,1.4293220998766156,0.9761191731201238,0.9969691633036107
in100.dino.s0.e20f.ext,in100.pairs100.v1@audit_v1.o8,teacher.h.cls~student.z.dino.bottleneck,56,0.8787332066241028,0.755246449108006,0.2922057341022775,1.2958070230516459,0.8109031731147085,0.862559168691698
in100.dino.s0.e20f.ext,in100.pairs100.v1@audit_v1.o8,teacher.h.cls~student.z.dino.bottleneck,57,1.0499057136335088,1.0327729158126755,0.05299244905175018,1.2629738042813132,1.104787413992998,1.1562714360720123
in100.dino.s0.e20f.ext,in100.pairs100.v1@audit_v1.o8,teacher.h.cls~student.z.dino.bottleneck,58,0.7823583708204602,0.7482602365873184,0.13712369067795854,1.1185623979069068,0.6231732268920634,0.719037996747832
in100.dino.s0.e20f.ext,in100.pairs100.v1@audit_v1.o8,teacher.h.cls~student.z.dino.bottleneck,59,1.0818196130265492,1.084882725782487,0.06861123693879513,1.3468201933941195,1.1906282219980913,1.236513553020495
in100.dino.s0.e20f.ext,in100.pairs100.v1@audit_v1.o8,teacher.h.cls~student.z.dino.bottleneck,60,0.883488324495146,0.7047212549553832,0.42541098975978375,1.3569566340630974,0.8476147033085334,0.8934443815252704
in100.dino.s0.e20f.ext,in100.pairs100.v1@audit_v1.o8,teacher.h.cls~student.z.dino.bottleneck,61,1.0683688331835286,1.0263707857607456,0.08333362680004876,1.3150464286543724,1.1494336672122387,1.2005302527907236
in100.dino.s0.e20f.ext,in100.pairs100.v1@audit_v1.o8,teacher.h.cls~student.z.dino.bottleneck,62,0.7987022996840649,0.6257676933590032,0.29161171933902935,1.16577854448982,0.689977037451684,0.769293121068706
in100.dino.s0.e20f.ext,in100.pairs100.v1@audit_v1.o8,teacher.h.cls~student.z.dino.bottleneck,63,1.0654001223459098,1.0331707656547267,0.14743685892993003,1.4171458415775398,1.1658432625203574,1.2266937303386678
in100.dino.s0.e20f.ext,in100.pairs100.v1@audit_v1.o8,teacher.h.cls~student.z.dino.bottleneck,64,1.1457514142765413,1.0863042653469321,0.12923383961757104,1.4457953495445393,1.3675765281474725,1.3859625706307064
in100.dino.s0.e20f.ext,in100.pairs100.v1@audit_v1.o8,teacher.h.cls~student.z.dino.bottleneck,65,0.9086400667501978,0.8453629759337266,0.14416286579546092,1.225050829038696,0.8802810648979738,0.9072650926922757
in100.dino.s0.e20f.ext,in100.pairs100.v1@audit_v1.o8,teacher.h.cls~student.z.dino.bottleneck,66,1.0174873588155626,0.8244946375082592,0.34206287304560407,1.409356051046205,1.131531605957623,1.1343636786172162
in100.dino.s0.e20f.ext,in100.pairs100.v1@audit_v1.o8,teacher.h.cls~student.z.dino.bottleneck,67,0.8811705033878178,0.8310459913800549,0.08371514056915526,1.1203816797580275,0.793394730109097,0.8533451928253998
in100.dino.s0.e20f.ext,in100.pairs100.v1@audit_v1.o8,teacher.h.cls~student.z.dino.bottleneck,68,0.8391432715547478,0.6986877820067015,0.2859504693705158,1.2334311497734423,0.759892030168336,0.8235607980285901
in100.dino.s0.e20f.ext,in100.pairs100.v1@audit_v1.o8,teacher.h.cls~student.z.dino.bottleneck,69,0.8180848955862581,0.6897759295170323,0.20776840052932397,1.1455921211220739,0.7254839355665553,0.8014947160981808
in100.dino.s0.e20f.ext,in100.pairs100.v1@audit_v1.o8,teacher.h.cls~student.z.dino.bottleneck,70,1.0100749779442326,0.9964912357346656,0.09025607250715902,1.2969177200984097,1.0290767387268749,1.0829700089110186
in100.dino.s0.e20f.ext,in100.pairs100.v1@audit_v1.o8,teacher.h.cls~student.z.dino.bottleneck,71,0.8763100390024342,0.6529089863067276,0.351726753145026,1.245974541827385,0.94972328702042,0.9137926879004438
in100.dino.s0.e20f.ext,in100.pairs100.v1@audit_v1.o8,teacher.h.cls~student.z.dino.bottleneck,72,1.0151612539935921,0.8965142460594565,0.2722957085450478,1.4183338590916303,1.0744499830424918,1.1269649042441834
in100.dino.s0.e20f.ext,in100.pairs100.v1@audit_v1.o8,teacher.h.cls~student.z.dino.bottleneck,73,0.823566937253832,0.8092659713317937,0.07263419886817762,1.0787732975182587,0.6685439995673205,0.7524812889276362
in100.dino.s0.e20f.ext,in100.pairs100.v1@audit_v1.o8,teacher.h.cls~student.z.dino.bottleneck,74,0.8044531119507976,0.6762318344479142,0.22888326708619022,1.1546492955487715,0.7216613943420916,0.7969043302999648
in100.dino.s0.e20f.ext,in100.pairs100.v1@audit_v1.o8,teacher.h.cls~student.z.dino.bottleneck,75,0.7364903430984003,0.4767338702589317,0.32051302049570085,1.0428725639512997,0.6290120353025048,0.7112712351931976
in100.dino.s0.e20f.ext,in100.pairs100.v1@audit_v1.o8,teacher.h.cls~student.z.dino.bottleneck,76,0.9200766818508516,0.9137504488055905,0.06586958702732237,1.170401158968883,0.8442771694548888,0.9116672215289151
in100.dino.s0.e20f.ext,in100.pairs100.v1@audit_v1.o8,teacher.h.cls~student.z.dino.bottleneck,77,0.9846959074067487,0.9605222991262595,0.08853141491362893,1.2580645900928193,0.9626825465044933,1.0389134341077182
in100.dino.s0.e20f.ext,in100.pairs100.v1@audit_v1.o8,teacher.h.cls~student.z.dino.bottleneck,78,0.8688281734121455,0.8279096339688545,0.12002329868163374,1.1743534226007677,0.7572854678825437,0.8460944951683653
in100.dino.s0.e20f.ext,in100.pairs100.v1@audit_v1.o8,teacher.h.cls~student.z.dino.bottleneck,79,0.8173674697162282,0.6118010811027872,0.37431631733484644,1.2236150375755424,0.7123686453634145,0.7988221483048763
in100.dino.s0.e20f.ext,in100.pairs100.v1@audit_v1.o8,teacher.h.cls~student.z.dino.bottleneck,80,0.8490796791916086,0.8244182506591928,0.06796995166496841,1.0851287254486965,0.7080064402013139,0.783403410732993
in100.dino.s0.e20f.ext,in100.pairs100.v1@audit_v1.o8,teacher.h.cls~student.z.dino.bottleneck,81,1.0997775781871473,1.0140482174822525,0.1919834359869712,1.4522073620712606,1.271133010496672,1.290919165335214
in100.dino.s0.e20f.ext,in100.pairs100.v1@audit_v1.o8,teacher.h.cls~student.z.dino.bottleneck,82,0.9389742143229384,0.813492181156468,0.24950383991809583,1.3129957746551493,0.9423495248184037,0.9732564935755726
in100.dino.s0.e20f.ext,in100.pairs100.v1@audit_v1.o8,teacher.h.cls~student.z.dino.bottleneck,83,0.8182493645469285,0.7578034516311216,0.17129670241147885,1.1716835096328075,0.7388128981085732,0.8154309042563316
in100.dino.s0.e20f.ext,in100.pairs100.v1@audit_v1.o8,teacher.h.cls~student.z.dino.bottleneck,84,1.068031258169299,1.0510791093103262,0.06101680293067025,1.2980949042115233,1.1465361389460371,1.1958488727777405
in100.dino.s0.e20f.ext,in100.pairs100.v1@audit_v1.o8,teacher.h.cls~student.z.dino.bottleneck,85,0.7452476895893234,0.5415066592339477,0.2643955685417136,1.0557007554094227,0.6315319808339688,0.7144764306720599
in100.dino.s0.e20f.ext,in100.pairs100.v1@audit_v1.o8,teacher.h.cls~student.z.dino.bottleneck,86,0.8157497741365713,0.7114380668683885,0.2439559085907168,1.2053569960366446,0.6973674235488946,0.7883375159360471
in100.dino.s0.e20f.ext,in100.pairs100.v1@audit_v1.o8,teacher.h.cls~student.z.dino.bottleneck,87,0.8828187077379138,0.6664351424738857,0.4524507346102131,1.3390797251549724,0.8465618289869784,0.8972456710909463
in100.dino.s0.e20f.ext,in100.pairs100.v1@audit_v1.o8,teacher.h.cls~student.z.dino.bottleneck,88,0.9922586065318455,0.9890852684995829,0.09755026927286892,1.3014156533052705,1.002265910236021,1.071338040000603
in100.dino.s0.e20f.ext,in100.pairs100.v1@audit_v1.o8,teacher.h.cls~student.z.dino.bottleneck,89,0.9378132778807535,0.8457988854151677,0.2191513970343749,1.3139349735715657,0.8919358962883418,0.970714196708975
in100.dino.s0.e20f.ext,in100.pairs100.v1@audit_v1.o8,teacher.h.cls~student.z.dino.bottleneck,90,0.9466893747362576,0.909250476400524,0.07902273106847234,1.1903602966994107,0.8813259016973114,0.9637097128451815
in100.dino.s0.e20f.ext,in100.pairs100.v1@audit_v1.o8,teacher.h.cls~student.z.dino.bottleneck,91,0.7696019262511251,0.6482911060179569,0.23995000432104968,1.1381380252907536,0.6875650222784501,0.725658271422934
in100.dino.s0.e20f.ext,in100.pairs100.v1@audit_v1.o8,teacher.h.cls~student.z.dino.bottleneck,92,0.8063837036876973,0.6070515173256279,0.3127701617446809,1.1663100995080393,0.725511262655804,0.8307616595047009
in100.dino.s0.e20f.ext,in100.pairs100.v1@audit_v1.o8,teacher.h.cls~student.z.dino.bottleneck,93,0.8698733707902282,0.6891360497529294,0.3006825522460577,1.237481335358685,0.8649834054315948,0.9068535658201168
in100.dino.s0.e20f.ext,in100.pairs100.v1@audit_v1.o8,teacher.h.cls~student.z.dino.bottleneck,94,1.0040655517655592,0.7640602173416284,0.4895892957052199,1.463766795633715,1.2040826117219356,1.1603254290712597
in100.dino.s0.e20f.ext,in100.pairs100.v1@audit_v1.o8,teacher.h.cls~student.z.dino.bottleneck,95,0.8532419613979715,0.6070660201659949,0.5020613987876239,1.3156289311256526,0.8975337542498313,0.8885173992260084
in100.dino.s0.e20f.ext,in100.pairs100.v1@audit_v1.o8,teacher.h.cls~student.z.dino.bottleneck,96,0.7650568096778285,0.46559197111229644,0.3543571849319184,1.060871052663058,0.7440672117257703,0.77644758927405
in100.dino.s0.e20f.ext,in100.pairs100.v1@audit_v1.o8,teacher.h.cls~student.z.dino.bottleneck,97,0.9065606323660164,0.6408223605435394,0.49247369490396525,1.3425870610692678,0.8987381427348855,0.9339627457935055
in100.dino.s0.e20f.ext,in100.pairs100.v1@audit_v1.o8,teacher.h.cls~student.z.dino.bottleneck,98,0.6771980161472853,0.3945873398833389,0.34395062938218685,0.9810603822153687,0.5492039611413163,0.6394490101227068
in100.dino.s0.e20f.ext,in100.pairs100.v1@audit_v1.o8,teacher.h.cls~student.z.dino.bottleneck,99,0.9112212185393355,0.7101676916900631,0.5367296877921507,1.4427860696960688,0.9874583576596003,0.9828147570001864
in100.dino.s0.e20f.ext,in100.pairs100.v1@own_dino.o8,teacher.h.cls~student.z.dino.bottleneck,0,0.8109583282646144,0.7406693239595925,0.29029910281461063,1.2794634430947318,0.6996244807442495,0.7536420021709169
in100.dino.s0.e20f.ext,in100.pairs100.v1@own_dino.o8,teacher.h.cls~student.z.dino.bottleneck,1,0.783019953139951,0.6348362169472748,0.43134607110631046,1.2916056369923241,0.6752617804431873,0.7084271121269395
in100.dino.s0.e20f.ext,in100.pairs100.v1@own_dino.o8,teacher.h.cls~student.z.dino.bottleneck,2,0.958360161953375,0.9475028817664676,0.0748522767226572,1.221094323011725,0.9288445509578575,0.971946712783256
in100.dino.s0.e20f.ext,in100.pairs100.v1@own_dino.o8,teacher.h.cls~student.z.dino.bottleneck,3,0.8389888198682917,0.7494332232969848,0.2164214456011922,1.2146444071707092,0.7421903015088301,0.792196219532279
in100.dino.s0.e20f.ext,in100.pairs100.v1@own_dino.o8,teacher.h.cls~student.z.dino.bottleneck,4,0.8386038771597953,0.7006146007031999,0.32219931609375846,1.2682406361294816,0.7524268223197523,0.7941117586327042
in100.dino.s0.e20f.ext,in100.pairs100.v1@own_dino.o8,teacher.h.cls~student.z.dino.bottleneck,5,0.768120415160479,0.5291612772480339,0.3635895775635473,1.1321451721934523,0.6260924011460398,0.6867234781234265
in100.dino.s0.e20f.ext,in100.pairs100.v1@own_dino.o8,teacher.h.cls~student.z.dino.bottleneck,6,0.8856028052138286,0.6650935133969805,0.4165870306156601,1.3105290489972914,0.9144085212299286,0.9113560466940532
in100.dino.s0.e20f.ext,in100.pairs100.v1@own_dino.o8,teacher.h.cls~student.z.dino.bottleneck,7,1.0166009609276578,0.9818603884394608,0.15196680077887179,1.3716895828039566,1.0467405823729499,1.0948046497836468
in100.dino.s0.e20f.ext,in100.pairs100.v1@own_dino.o8,teacher.h.cls~student.z.dino.bottleneck,8,1.0241841654930048,0.9760409550248563,0.18536542427195177,1.406581805899604,1.0702009230358862,1.107427535406156
in100.dino.s0.e20f.ext,in100.pairs100.v1@own_dino.o8,teacher.h.cls~student.z.dino.bottleneck,9,1.0348743236209952,0.8720653034435565,0.2769936193089689,1.398367136338872,1.1206070815371696,1.1325748428645734
in100.dino.s0.e20f.ext,in100.pairs100.v1@own_dino.o8,teacher.h.cls~student.z.dino.bottleneck,10,0.8378232320647282,0.7002881813656525,0.24614112657598283,1.19641430099249,0.7216102416675563,0.7750368112981096
in100.dino.s0.e20f.ext,in100.pairs100.v1@own_dino.o8,teacher.h.cls~student.z.dino.bottleneck,11,1.1253040694189542,1.0559770938346087,0.22925504374458658,1.534782945662452,1.3574558913198023,1.331857340456882
in100.dino.s0.e20f.ext,in100.pairs100.v1@own_dino.o8,teacher.h.cls~student.z.dino.bottleneck,12,0.9630790904508031,0.8690775520000855,0.2635033976062752,1.3824033721243758,0.9990431143937106,1.0118280886538753
in100.dino.s0.e20f.ext,in100.pairs100.v1@own_dino.o8,teacher.h.cls~student.z.dino.bottleneck,13,1.21822771943813,1.1984324241692104,0.04534669041685901,1.4113800478161038,1.4667426881666403,1.524256742351268
in100.dino.s0.e20f.ext,in100.pairs100.v1@own_dino.o8,teacher.h.cls~student.z.dino.bottleneck,14,0.9728617177225799,0.9505796400624708,0.11568308247022514,1.29070179822072,0.9651501857642067,1.0105724192376264
in100.dino.s0.e20f.ext,in100.pairs100.v1@own_dino.o8,teacher.h.cls~student.z.dino.bottleneck,15,0.8838020593311817,0.8143899325396899,0.18418278575372282,1.2435551521856008,0.8191270799699608,0.8602981020760144
in100.dino.s0.e20f.ext,in100.pairs100.v1@own_dino.o8,teacher.h.cls~student.z.dino.bottleneck,16,0.8714420967840658,0.8398893282789136,0.056349455870632115,1.0772697315784112,0.7425966307452151,0.806028064053545
in100.dino.s0.e20f.ext,in100.pairs100.v1@own_dino.o8,teacher.h.cls~student.z.dino.bottleneck,17,0.8634620237732448,0.8488089505579061,0.07063292385925081,1.1145775037376433,0.7338543399581133,0.7897530547247457
in100.dino.s0.e20f.ext,in100.pairs100.v1@own_dino.o8,teacher.h.cls~student.z.dino.bottleneck,18,0.8969397715299241,0.894840881644265,0.11306221638325747,1.2310881364780517,0.8154629432842936,0.848546937188495
in100.dino.s0.e20f.ext,in100.pairs100.v1@own_dino.o8,teacher.h.cls~student.z.dino.bottleneck,19,0.8682572435832627,0.8293935132245365,0.05191945025592835,1.0572519127974473,0.7319164120738323,0.7970859884974933
in100.dino.s0.e20f.ext,in100.pairs100.v1@own_dino.o8,teacher.h.cls~student.z.dino.bottleneck,20,1.0689739746163378,1.0583669745218194,0.040026944269024735,1.2584343238545497,1.119543681120399,1.1802331961855932
in100.dino.s0.e20f.ext,in100.pairs100.v1@own_dino.o8,teacher.h.cls~student.z.dino.bottleneck,21,1.0419497953686259,1.022967363943594,0.03534014386955426,1.2109571079977692,1.0625819468644666,1.11947962294291
in100.dino.s0.e20f.ext,in100.pairs100.v1@own_dino.o8,teacher.h.cls~student.z.dino.bottleneck,22,0.9008512253703808,0.8745390797548903,0.07221658730685813,1.1432705206152,0.8037331248853006,0.8567507636989601
in100.dino.s0.e20f.ext,in100.pairs100.v1@own_dino.o8,teacher.h.cls~student.z.dino.bottleneck,23,0.8948512844917801,0.8896835770962168,0.0729133577476795,1.1597083125329533,0.810912530546362,0.8567414139741356
in100.dino.s0.e20f.ext,in100.pairs100.v1@own_dino.o8,teacher.h.cls~student.z.dino.bottleneck,24,0.899262355498912,0.8824639486229009,0.10742726817330894,1.210224941075189,0.816320899610439,0.8747626944054157
in100.dino.s0.e20f.ext,in100.pairs100.v1@own_dino.o8,teacher.h.cls~student.z.dino.bottleneck,25,0.7914015372412316,0.5625592037240784,0.3685373762371262,1.1696319969187052,0.6918866028938986,0.7278116230972911
in100.dino.s0.e20f.ext,in100.pairs100.v1@own_dino.o8,teacher.h.cls~student.z.dino.bottleneck,26,0.8587107783293025,0.8438444824379144,0.1637965409736268,1.2485623359774225,0.7285407316801372,0.8049978116606603
in100.dino.s0.e20f.ext,in100.pairs100.v1@own_dino.o8,teacher.h.cls~student.z.dino.bottleneck,27,0.9810625103026842,0.9305496576664415,0.09304741593998068,1.2355864028955708,0.973876027854891,1.0135378195222373
in100.dino.s0.e20f.ext,in100.pairs100.v1@own_dino.o8,teacher.h.cls~student.z.dino.bottleneck,28,0.8399941268361885,0.828543765483013,0.07022897283973953,1.093551261301036,0.68651356660375,0.7510573651631881
in100.dino.s0.e20f.ext,in100.pairs100.v1@own_dino.o8,teacher.h.cls~student.z.dino.bottleneck,29,1.0510732498443898,1.0392618683294885,0.04015919519496494,1.2396594611168394,1.0830939429509334,1.1395795010868912
in100.dino.s0.e20f.ext,in100.pairs100.v1@own_dino.o8,teacher.h.cls~student.z.dino.bottleneck,30,0.8497637235374074,0.8202392926090613,0.10340028136910932,1.1417984339331873,0.7031978355942958,0.7747883815341164
in100.dino.s0.e20f.ext,in100.pairs100.v1@own_dino.o8,teacher.h.cls~student.z.dino.bottleneck,31,0.8935939624048885,0.8925091231146395,0.06145275424110791,1.1404057835219712,0.797737938703287,0.8605720367226029
in100.dino.s0.e20f.ext,in100.pairs100.v1@own_dino.o8,teacher.h.cls~student.z.dino.bottleneck,32,0.9202422096682,0.8940441683324889,0.09823828808701085,1.2074740457963498,0.8367962279084719,0.9013828359405422
in100.dino.s0.e20f.ext,in100.pairs100.v1@own_dino.o8,teacher.h.cls~student.z.dino.bottleneck,33,0.9134550239125548,0.6316074352661756,0.4738620533295128,1.3199838245544142,0.9076282380089142,0.9212897190091982
in100.dino.s0.e20f.ext,in100.pairs100.v1@own_dino.o8,teacher.h.cls~student.z.dino.bottleneck,34,0.8751242364640923,0.8585102082536755,0.07918459966602,1.1399077911608853,0.7736414281097238,0.8191024682445192
in100.dino.s0.e20f.ext,in100.pairs100.v1@own_dino.o8,teacher.h.cls~student.z.dino.bottleneck,35,0.8084391732399302,0.5839973008765578,0.40428130601459117,1.2198284938944775,0.7067362012639226,0.7506969614258424
in100.dino.s0.e20f.ext,in100.pairs100.v1@own_dino.o8,teacher.h.cls~student.z.dino.bottleneck,36,0.7453527497073335,0.6010271141642619,0.2570085974692305,1.107987267893557,0.5720410350726058,0.6395203899058374
in100.dino.s0.e20f.ext,in100.pairs100.v1@own_dino.o8,teacher.h.cls~student.z.dino.bottleneck,37,0.9386145448418078,0.8337602920754532,0.26251131261084754,1.3461188702322433,0.9307028812864097,0.963390052050036
in100.dino.s0.e20f.ext,in100.pairs100.v1@own_dino.o8,teacher.h.cls~student.z.dino.bottleneck,38,0.9037967939667044,0.9055578442862753,0.20563988595172294,1.3590331864513405,0.8272979219523253,0.8818113446634595
in100.dino.s0.e20f.ext,in100.pairs100.v1@own_dino.o8,teacher.h.cls~student.z.dino.bottleneck,39,0.807542901624981,0.6121132644687253,0.33973857648898453,1.194984242034931,0.7009438721580756,0.7435156945037842
in100.dino.s0.e20f.ext,in100.pairs100.v1@own_dino.o8,teacher.h.cls~student.z.dino.bottleneck,40,0.7828423665780838,0.7371635722589089,0.10880871342279225,1.0670252302654015,0.6159112936572686,0.6640135131578793
in100.dino.s0.e20f.ext,in100.pairs100.v1@own_dino.o8,teacher.h.cls~student.z.dino.bottleneck,41,0.9095270265615649,0.8199480787618842,0.19301276740184897,1.2592802621969805,0.8507812858095031,0.8936926629569787
in100.dino.s0.e20f.ext,in100.pairs100.v1@own_dino.o8,teacher.h.cls~student.z.dino.bottleneck,42,0.7880998648099011,0.7156921429527964,0.18694771383848346,1.1480666494150569,0.6298745588335861,0.6905325122301718
in100.dino.s0.e20f.ext,in100.pairs100.v1@own_dino.o8,teacher.h.cls~student.z.dino.bottleneck,43,0.8613195238657791,0.7885100786513888,0.17299484769684528,1.2044365717927192,0.7475549547143672,0.8062907248029612
in100.dino.s0.e20f.ext,in100.pairs100.v1@own_dino.o8,teacher.h.cls~student.z.dino.bottleneck,44,0.8217132661381901,0.6716559341699173,0.26400332826215883,1.1854684761170353,0.7293923350515003,0.7694802545309274
in100.dino.s0.e20f.ext,in100.pairs100.v1@own_dino.o8,teacher.h.cls~student.z.dino.bottleneck,45,0.9545406216353816,0.9340786833559815,0.06425719398857291,1.1875687107506956,0.8938507427930097,0.9567039122884744
in100.dino.s0.e20f.ext,in100.pairs100.v1@own_dino.o8,teacher.h.cls~student.z.dino.bottleneck,46,0.8950169183583363,0.725533273855602,0.366095818154112,1.3305917984250124,0.843737819751001,0.8915401701163879
in100.dino.s0.e20f.ext,in100.pairs100.v1@own_dino.o8,teacher.h.cls~student.z.dino.bottleneck,47,0.875591903177522,0.7104174592162105,0.41336792402426925,1.3533544110429578,0.8131772769626071,0.8622091438062793
in100.dino.s0.e20f.ext,in100.pairs100.v1@own_dino.o8,teacher.h.cls~student.z.dino.bottleneck,48,0.7840369965632261,0.7044879219357293,0.17519900674353606,1.1230557261724337,0.6015293203291618,0.6737472916417142
in100.dino.s0.e20f.ext,in100.pairs100.v1@own_dino.o8,teacher.h.cls~student.z.dino.bottleneck,49,0.93784505428533,0.8245443669765901,0.301551560298278,1.3736814721682515,0.88418816165233,0.9464882962865417
in100.dino.s0.e20f.ext,in100.pairs100.v1@own_dino.o8,teacher.h.cls~student.z.dino.bottleneck,50,0.8789063925744303,0.6983395508750757,0.28188097949654367,1.2292641966550053,0.8088632201707276,0.8589889011865696
in100.dino.s0.e20f.ext,in100.pairs100.v1@own_dino.o8,teacher.h.cls~student.z.dino.bottleneck,51,0.9602339339646895,0.9494189506297332,0.04965777415257966,1.1722591941957903,0.89796500006237,0.967724218687309
in100.dino.s0.e20f.ext,in100.pairs100.v1@own_dino.o8,teacher.h.cls~student.z.dino.bottleneck,52,0.919977662003072,0.7296656616557975,0.33338588557553633,1.3070614406285368,0.895854328439332,0.9185378814053113
in100.dino.s0.e20f.ext,in100.pairs100.v1@own_dino.o8,teacher.h.cls~student.z.dino.bottleneck,53,0.9093860436403235,0.8814982489607838,0.16265398475715684,1.2848020857354379,0.8327797876003308,0.8836385869357104
in100.dino.s0.e20f.ext,in100.pairs100.v1@own_dino.o8,teacher.h.cls~student.z.dino.bottleneck,54,0.8376168031419783,0.7478094663007683,0.28497565138383224,1.2816405738468086,0.7238012955558791,0.7799359112167717
in100.dino.s0.e20f.ext,in100.pairs100.v1@own_dino.o8,teacher.h.cls~student.z.dino.bottleneck,55,0.948929700249667,0.7357152224352654,0.39362565988338194,1.3631111579364303,0.9310181156732354,0.9583683125781276
in100.dino.s0.e20f.ext,in100.pairs100.v1@own_dino.o8,teacher.h.cls~student.z.dino.bottleneck,56,0.8710091119301943,0.7445644369823465,0.26423440458445635,1.2586017941699894,0.7755802570420772,0.8205641103788309
in100.dino.s0.e20f.ext,in100.pairs100.v1@own_dino.o8,teacher.h.cls~student.z.dino.bottleneck,57,1.0478923666150401,1.0447734766957941,0.05769541109950273,1.2849721675737893,1.0949003183112525,1.141399066408746
in100.dino.s0.e20f.ext,in100.pairs100.v1@own_dino.o8,teacher.h.cls~student.z.dino.bottleneck,58,0.787135399170017,0.7520702607932015,0.1410698447671879,1.127662918824729,0.6165215771181172,0.6900783613625634
in100.dino.s0.e20f.ext,in100.pairs100.v1@own_dino.o8,teacher.h.cls~student.z.dino.bottleneck,59,1.0868505960474613,1.0804819605067881,0.06673569968243358,1.3388144975253247,1.1781049871038227,1.2339749503150677
in100.dino.s0.e20f.ext,in100.pairs100.v1@own_dino.o8,teacher.h.cls~student.z.dino.bottleneck,60,0.887102273678841,0.7180830145155455,0.4274124913953439,1.3718509331191917,0.8165220248458392,0.867755725044701
in100.dino.s0.e20f.ext,in100.pairs100.v1@own_dino.o8,teacher.h.cls~student.z.dino.bottleneck,61,1.053091514539786,1.0244252491847554,0.08614468322067835,1.3179293943355153,1.1178367313841948,1.158348098419291
in100.dino.s0.e20f.ext,in100.pairs100.v1@own_dino.o8,teacher.h.cls~student.z.dino.bottleneck,62,0.7919325109164359,0.642227155180243,0.2793679912487234,1.170779887884108,0.6513258211635679,0.7057984449133851
in100.dino.s0.e20f.ext,in100.pairs100.v1@own_dino.o8,teacher.h.cls~student.z.dino.bottleneck,63,1.0513613549465246,1.0316559546767936,0.17837561070076646,1.4540013236590597,1.1270990735328736,1.1678363579287339
in100.dino.s0.e20f.ext,in100.pairs100.v1@own_dino.o8,teacher.h.cls~student.z.dino.bottleneck,64,1.1406675824541783,1.092251082764092,0.14023655920858782,1.4667328035577616,1.3231420183131077,1.3528191014688258
in100.dino.s0.e20f.ext,in100.pairs100.v1@own_dino.o8,teacher.h.cls~student.z.dino.bottleneck,65,0.8945470756723952,0.8396123998891879,0.1800388398067668,1.263922239283429,0.8257300458641331,0.8591158244654913
in100.dino.s0.e20f.ext,in100.pairs100.v1@own_dino.o8,teacher.h.cls~student.z.dino.bottleneck,66,1.0158471673824097,0.8314915144921405,0.30282098308316835,1.3817832399279937,1.081731373227473,1.099585878922038
in100.dino.s0.e20f.ext,in100.pairs100.v1@own_dino.o8,teacher.h.cls~student.z.dino.bottleneck,67,0.8797183581497705,0.8350709129000619,0.09437808237570713,1.142281072848764,0.7747559955423335,0.8299896713047848
in100.dino.s0.e20f.ext,in100.pairs100.v1@own_dino.o8,teacher.h.cls~student.z.dino.bottleneck,68,0.8430417654380565,0.7000037977501422,0.2981879751110949,1.2460697050462257,0.7363195464429132,0.788763420797952
in100.dino.s0.e20f.ext,in100.pairs100.v1@own_dino.o8,teacher.h.cls~student.z.dino.bottleneck,69,0.819776897513894,0.688438889149153,0.23171601054465826,1.1698077815224122,0.6881975411215429,0.7596586840593474
in100.dino.s0.e20f.ext,in100.pairs100.v1@own_dino.o8,teacher.h.cls~student.z.dino.bottleneck,70,1.0023478626537092,1.0026139607840683,0.10341150711536114,1.3241905568158088,1.00680283625536,1.050372689767799
in100.dino.s0.e20f.ext,in100.pairs100.v1@own_dino.o8,teacher.h.cls~student.z.dino.bottleneck,71,0.8820564779588157,0.652621488324669,0.36220988309800406,1.2544602400663663,0.8744025770699037,0.8763978627470014
in100.dino.s0.e20f.ext,in100.pairs100.v1@own_dino.o8,teacher.h.cls~student.z.dino.bottleneck,72,0.998337764121297,0.8954597089806037,0.26199817479580734,1.4073172817445585,1.0252521114958193,1.0593186896039755
in100.dino.s0.e20f.ext,in100.pairs100.v1@own_dino.o8,teacher.h.cls~student.z.dino.bottleneck,73,0.8196768797526662,0.8137510959507489,0.07887849294947924,1.0946042478815743,0.661925600403711,0.7194076575431295
in100.dino.s0.e20f.ext,in100.pairs100.v1@own_dino.o8,teacher.h.cls~student.z.dino.bottleneck,74,0.801545458706751,0.6841182811538855,0.23229312811783612,1.1660862553159,0.6812549740713314,0.7368742374350697
in100.dino.s0.e20f.ext,in100.pairs100.v1@own_dino.o8,teacher.h.cls~student.z.dino.bottleneck,75,0.7246258312809655,0.44596048047795667,0.3508453041179644,1.0382824403257782,0.5765487840506098,0.6268637552109784
in100.dino.s0.e20f.ext,in100.pairs100.v1@own_dino.o8,teacher.h.cls~student.z.dino.bottleneck,76,0.9211641515763305,0.9175496142652799,0.07641657193333258,1.1939850894368516,0.8397999945526737,0.8964630647678615
in100.dino.s0.e20f.ext,in100.pairs100.v1@own_dino.o8,teacher.h.cls~student.z.dino.bottleneck,77,0.9838845500936388,0.9625331892131933,0.09537850616906599,1.2713672970592438,0.9513492718913114,1.018596102028339
in100.dino.s0.e20f.ext,in100.pairs100.v1@own_dino.o8,teacher.h.cls~student.z.dino.bottleneck,78,0.8697816767535287,0.8285042699144658,0.10692651662235714,1.1555004726788973,0.7520274109667465,0.8135112957407806
in100.dino.s0.e20f.ext,in100.pairs100.v1@own_dino.o8,teacher.h.cls~student.z.dino.bottleneck,79,0.807911595773488,0.6035890935588551,0.3397970457763058,1.1865102252536204,0.6753963386607164,0.7399304362224686
in100.dino.s0.e20f.ext,in100.pairs100.v1@own_dino.o8,teacher.h.cls~student.z.dino.bottleneck,80,0.8539497212169772,0.8325462575690619,0.07455931456829634,1.105601773111774,0.7056610606917726,0.7798235861951447
in100.dino.s0.e20f.ext,in100.pairs100.v1@own_dino.o8,teacher.h.cls~student.z.dino.bottleneck,81,1.0910957973347633,1.0107739920589556,0.1970588937655678,1.45468715222158,1.2269742954555214,1.2500247247028355
in100.dino.s0.e20f.ext,in100.pairs100.v1@own_dino.o8,teacher.h.cls~student.z.dino.bottleneck,82,0.9327786107398638,0.8329663420772632,0.24196551004908454,1.3248662404804694,0.9035004427222694,0.9341199476415392
in100.dino.s0.e20f.ext,in100.pairs100.v1@own_dino.o8,teacher.h.cls~student.z.dino.bottleneck,83,0.813571607627891,0.7478152661392155,0.1949910050730356,1.1893931245889293,0.7052181337804961,0.7540489594943794
in100.dino.s0.e20f.ext,in100.pairs100.v1@own_dino.o8,teacher.h.cls~student.z.dino.bottleneck,84,1.0718765858648307,1.0557241357369689,0.06926124169547966,1.3188994417508115,1.143036983384912,1.190022104599433
in100.dino.s0.e20f.ext,in100.pairs100.v1@own_dino.o8,teacher.h.cls~student.z.dino.bottleneck,85,0.7383766018463083,0.5309135460561951,0.27938229436007916,1.059479809035662,0.5832749741843309,0.6428125297946797
in100.dino.s0.e20f.ext,in100.pairs100.v1@own_dino.o8,teacher.h.cls~student.z.dino.bottleneck,86,0.8126458724715039,0.7072665984435781,0.27786920712038565,1.2343996054924498,0.6704951988958667,0.743666506929046
in100.dino.s0.e20f.ext,in100.pairs100.v1@own_dino.o8,teacher.h.cls~student.z.dino.bottleneck,87,0.8889876063505013,0.6782103939572025,0.4606324488259067,1.356909479580505,0.8164471996728718,0.8684539352986215
in100.dino.s0.e20f.ext,in100.pairs100.v1@own_dino.o8,teacher.h.cls~student.z.dino.bottleneck,88,0.9939129459100481,0.9951378965048505,0.10695899994815868,1.3221837647682466,0.9855710695131711,1.0494572029486726
in100.dino.s0.e20f.ext,in100.pairs100.v1@own_dino.o8,teacher.h.cls~student.z.dino.bottleneck,89,0.9308105940795636,0.8428444392640392,0.22128147131795436,1.3132500847637019,0.8673249842233226,0.9254915248515978
in100.dino.s0.e20f.ext,in100.pairs100.v1@own_dino.o8,teacher.h.cls~student.z.dino.bottleneck,90,0.9460038896403378,0.9089426034156719,0.077041705585346,1.1865064800014877,0.8700055213378253,0.9450162535070009
in100.dino.s0.e20f.ext,in100.pairs100.v1@own_dino.o8,teacher.h.cls~student.z.dino.bottleneck,91,0.783308508463329,0.6432713031169182,0.24691262175323328,1.140174333650274,0.6664446027845661,0.7021843139953909
in100.dino.s0.e20f.ext,in100.pairs100.v1@own_dino.o8,teacher.h.cls~student.z.dino.bottleneck,92,0.7954092491790914,0.5892755234035062,0.3199015615482204,1.1548739335393732,0.6787754800419314,0.7474452724575239
in100.dino.s0.e20f.ext,in100.pairs100.v1@own_dino.o8,teacher.h.cls~student.z.dino.bottleneck,93,0.8551602725836227,0.6761168096820791,0.32847509833889776,1.2492442809647755,0.7930716763137247,0.8260002347676961
in100.dino.s0.e20f.ext,in100.pairs100.v1@own_dino.o8,teacher.h.cls~student.z.dino.bottleneck,94,1.0063393823183944,0.7437678420073824,0.5565988744290539,1.4898233858035894,1.120194815637083,1.1155868612730007
in100.dino.s0.e20f.ext,in100.pairs100.v1@own_dino.o8,teacher.h.cls~student.z.dino.bottleneck,95,0.8414321639624266,0.5609317659906753,0.4945897915097466,1.2642025470627645,0.7991209435156231,0.8135023414577962
in100.dino.s0.e20f.ext,in100.pairs100.v1@own_dino.o8,teacher.h.cls~student.z.dino.bottleneck,96,0.7385629021770952,0.3977868275493636,0.35025085848125687,0.9896067819960321,0.6351541937257719,0.6666175070144092
in100.dino.s0.e20f.ext,in100.pairs100.v1@own_dino.o8,teacher.h.cls~student.z.dino.bottleneck,97,0.9038720178516532,0.6364868036256479,0.4802530386083988,1.3294897174783955,0.8517202124481582,0.8933840849573704
in100.dino.s0.e20f.ext,in100.pairs100.v1@own_dino.o8,teacher.h.cls~student.z.dino.bottleneck,98,0.6590382302706911,0.34727544688647305,0.33513253176116264,0.9261817707085251,0.4845841757606121,0.5434103545812471
in100.dino.s0.e20f.ext,in100.pairs100.v1@own_dino.o8,teacher.h.cls~student.z.dino.bottleneck,99,0.8938843580131617,0.6195420820561071,0.4870688338013234,1.3174452514150974,0.8815750999248705,0.8967183658797316
