scale,block,n,d,rms,mean_norm,trace,lam1,lam_min,stable_rank,effrank,effrank_frac,pr,rankme,alpha,top10_frac,n_eig_1e3
1.0,1,5000,384,0.16998591176087652,1.6489843809311162,11.095760715715775,6.383367494215895,4.714126471182731e-06,1.7382299743465937,4.240132750789844,0.01104201237184855,2.5497652882142448,58.290140524104416,2.123891270857752,0.9702749522550387,21
1.0,2,5000,384,0.23044759880633509,2.260382680754922,20.39274078551254,10.963511908956129,1.6184258409902247e-05,1.8600555145886826,5.098149194453013,0.013276430193888055,2.849380682292543,72.68570810312129,2.0478444165138643,0.9561340095284457,28
1.0,3,5000,384,0.288948971389765,2.9269222930835395,32.06073909780604,16.513929921128415,3.0167680337668432e-05,1.9414360634282803,5.538757797385377,0.014423848430691085,3.039751495649469,76.40481615266138,2.0364570726689224,0.9509400779437865,32
1.0,4,5000,384,0.3399209233695183,3.504658181103611,44.36975391144419,23.0553471224853,4.3021904673575995e-05,1.9244886522732718,5.619404487592339,0.01463386585310505,3.0248946815943634,78.31052959141225,2.029411287401707,0.9478490336422101,32
1.0,5,5000,384,0.38241988865156695,3.9820553106163152,56.15806895473031,28.572537972388837,5.668636277732797e-05,1.9654560966547263,5.697166198005323,0.01483637030730553,3.079812773502203,79.32130252630965,2.0247689512822062,0.9461808106279271,34
1.0,6,5000,384,0.41970166794706953,4.31744659169432,67.64140418978006,34.19670870084724,7.257776602728634e-05,1.9780091932678951,5.780995340204828,0.015054675365116739,3.110424719090785,80.793725980975,2.0195415011196673,0.9441102243671748,35
1.0,7,5000,384,0.4453363407314781,4.6725188012849035,76.15659124842361,37.61819929774528,8.335964818935938e-05,2.024461368967977,6.089391716643873,0.015857790928760086,3.22942715607278,82.91557201375021,2.0149170548517006,0.9396470327004567,37
1.0,8,5000,384,0.4704233911604402,4.958704423400406,84.97849610914119,40.89952886245483,0.0001067300815835809,2.0777377752913484,6.35015192547546,0.016536853972592344,3.3379530133575437,84.81920529082302,2.0089864238164843,0.9355441735668579,38
1.0,9,5000,384,0.49501929294477937,5.270831533284562,94.09693454881894,43.35059876773245,0.00011751263026554301,2.1706028803195903,6.63036873063393,0.01726658523602586,3.490597664571571,86.35579481991299,2.008748853773672,0.9314216046070037,39
1.0,10,5000,384,0.5217006821262193,5.508777692023715,104.51389506468959,48.09200068782167,0.00013168842818904922,2.173207468392049,6.671534276127795,0.017373787177416132,3.489233256069248,87.47679641712281,2.0049614596599414,0.9299582633545808,40
1.0,11,5000,384,0.5486307775534426,6.052663431948358,115.58236035029566,54.86350929229371,0.00015963724480400564,2.106725614916702,6.6755918035533,0.01738435365508672,3.4248593003943975,87.56159648156542,2.0004779062229368,0.9288758193310211,41
1.0,12,5000,384,0.577428910704503,6.296914025721146,128.03487241627735,62.64609318554882,0.00017039862880867613,2.043780639872566,6.593087533487277,0.017169498785123118,3.3352919181385046,87.93632452501367,2.0003091716894916,0.9285741365168481,40
3.0,1,5000,384,1.3903664869571457,27.277083274901244,742.317683732565,294.6654547933776,0.0060584362116480805,2.5191880203707138,10.050088308079966,0.026172104968958245,4.393548021293327,123.72370867215392,1.6051200473132865,0.878325276372045,72
3.0,2,5000,384,1.9804814436678382,38.32110367563862,1506.1657915056553,564.8737114059038,0.01970328453612251,2.6663761493821103,12.951672244525087,0.03372831313678408,5.044906780076964,142.38587574130202,1.5337043507590336,0.8397328755007712,94
3.0,3,5000,384,2.4934863905501428,50.1489596335781,2387.5101618657714,838.3845892208958,0.033576166184009784,2.847750534255962,14.275926249995042,0.03717689127602875,5.516367593242607,145.43127399446527,1.5166723027472613,0.8287186434699559,105
3.0,4,5000,384,2.861362171177092,59.93965378457514,3143.9590942630202,1093.8156150051536,0.04750263386115736,2.8743044541818934,15.08054258627844,0.039272246318433436,5.685196830536457,147.14363182414522,1.4999978465980035,0.8186058682919416,110
3.0,5,5000,384,3.2165299325917185,67.13638605053247,3972.8888859872577,1443.712270184249,0.0618896727957292,2.751856424604766,14.871421586302041,0.0387276603809949,5.46847243571079,148.2382225332839,1.4943771237717938,0.8182524140717952,107
3.0,6,5000,384,3.4806744416375284,72.87686484504906,4652.196314368788,1631.8384437373202,0.07726441706063852,2.8508927046197594,15.669396674037499,0.04080572050530599,5.7165519446457544,150.5330085110224,1.49094541395217,0.809329796749977,113
3.0,7,5000,384,3.741667920740076,78.29774036434955,5376.030270372619,1867.9281464705064,0.08789578444344899,2.8780712365894554,16.22424156613908,0.042250629078487194,5.838276204837348,152.0179597055282,1.4877213456110874,0.8021420086327634,116
3.0,8,5000,384,3.9745446420734574,85.48883943555077,6066.049962944573,2083.3221698771667,0.10506104620817597,2.9117195845432917,16.835788207730527,0.04384319845763158,6.0174618973487615,151.99277036195903,1.487507621908343,0.7962263938106319,118
3.0,9,5000,384,4.188596632123883,88.8778813611346,6737.027230709579,2264.5315934433193,0.11927257012339354,2.9750201985328166,17.369708063204616,0.04523361474792869,6.190724573667629,153.73678331815992,1.485950489288004,0.791162706527174,122
3.0,10,5000,384,4.4129620029529395,94.51081908234899,7478.105717570464,2494.9680502235833,0.13038066544846832,2.9972751422208885,17.562478970305733,0.04573562231850451,6.249238851777996,153.55224937341688,1.4879710662343177,0.7900366913869601,122
3.0,11,5000,384,4.603285551379723,102.28409548374317,8137.051341135865,2685.925272453401,0.14167270780555802,3.029515163578341,18.021778221623833,0.046931714118812064,6.383094739464046,152.7714454344161,1.4849066114908076,0.7853978714703327,126
3.0,12,5000,384,4.806745833024014,106.88889537914083,8872.24531326479,2914.528384270521,0.15553021675900994,3.0441444184066264,18.209895449819324,0.04742160273390449,6.449578104586721,152.79730867624778,1.4874017761982028,0.7840926062701135,126
10.0,1,5000,384,19.55494956462237,336.2186785898847,146840.08415037103,13457.62418233469,14.35118590718577,10.911293268474713,105.13554052517487,0.2737904701176429,46.03588830120965,249.53623807784558,1.1588120153527424,0.36139986085919695,384
10.0,2,5000,384,27.45077404468473,482.8356897262793,289361.2783304974,23430.59337047793,36.76631936128664,12.349720459708319,139.7336861912351,0.3638898077896748,61.71906926527102,271.00192403018934,0.9546637225531145,0.2992065016247931,384
10.0,3,5000,384,33.320564137329384,605.3437071094402,426339.83786107437,34409.9847345747,63.1226353072212,12.390003690780302,154.02699497696156,0.4011119660858374,66.71878281211315,278.69320491650785,0.8812211057887335,0.2811544195814173,384
10.0,4,5000,384,37.99902693367445,703.2242923777649,554467.6023959487,43376.667631459,89.2374406155548,12.782623301238111,163.48906665029526,0.4257527777351439,71.58348596639965,282.884213896981,0.8464222493630292,0.2671882476122967,384
10.0,5,5000,384,42.00059244111318,792.501424012112,677395.1099153254,54359.101586100456,122.76155589310721,12.461484648387463,168.75238892487744,0.439459346158535,72.40361959314836,285.40233722311643,0.8224261010656342,0.2598328946043991,384
10.0,6,5000,384,45.547883277863804,864.4708917212785,796650.1137000595,62186.19758262327,152.8672062432889,12.810722389668475,172.8521629399453,0.45013584098944087,74.95646740614468,287.1072407730804,0.8091588958891954,0.25348587449661647,384
10.0,7,5000,384,48.91913712143251,925.0983209399307,918943.4790549184,74015.66122553847,183.5244726797047,12.415527522678468,174.27629895600538,0.453844528531264,74.30017012232142,288.1595114040337,0.8009597862515829,0.2506661456261741,384
10.0,8,5000,384,51.95287237378952,1021.9622668411197,1036454.7639887086,83636.8388481155,209.80366124041802,12.392323505565658,176.8109294154561,0.46044512868608356,75.31535286950349,287.5657931140481,0.7926335154323066,0.24667529121341975,384
10.0,9,5000,384,54.85117417707427,1080.6311852441702,1155322.102503836,96661.00160177064,247.736755019548,11.952308411448042,177.01137093507927,0.46096711181010225,73.57572693558238,288.09006267798947,0.7879838027677473,0.24569817885846382,384
10.0,10,5000,384,57.348159319451824,1153.2967874307467,1262903.568894424,102168.6256429716,268.46691657186324,12.360972470234083,179.20380190294102,0.46667656745557556,76.21712210549407,287.63698206119517,0.7840489064571091,0.241826025503506,384
10.0,11,5000,384,59.72952879392427,1246.3965162189568,1369964.7782185837,105573.29369952093,296.9040753303708,12.976433056239868,181.6504893199015,0.47304814927057687,79.6044620349405,286.3723610165165,0.7809544328805672,0.23780702768642525,384
10.0,12,5000,384,62.032949922336556,1319.0090344647504,1477665.3604097723,114579.14991071445,319.454228222812,12.896459447999394,182.01929842866113,0.4740085896579717,79.60883683603144,285.5799469117758,0.7786032126210555,0.23733800339763375,384
100.0,1,5000,384,2061.1194483761597,33274.893146746865,1631313938.1021872,129245740.75080577,155072.45868042708,12.621800367467946,107.64464964116053,0.2803246084405222,50.42348735774187,250.85929079404485,1.1667039364034317,0.3505456386667985,384
100.0,2,5000,384,2881.144773412181,48009.729992695844,3187582158.8583665,224264336.76095474,400936.03362204443,14.213504496062775,147.17465021923144,0.38326731827924854,69.85206109379789,274.9615773938128,0.9344474812123993,0.2837329835442003,384
100.0,3,5000,384,3490.9997970091677,60092.08820633808,4679838559.763731,322091448.12673247,722779.78579588,14.529533730191952,165.30709695352016,0.4304872316497921,78.18429400760502,284.5041333142882,0.8518782693851602,0.26112414915409016,384
100.0,4,5000,384,3975.0259245977913,70126.28233224236,6067519142.870217,396895245.7098155,1073471.8238942132,15.287457354191641,177.2027652099946,0.4614655344010276,85.78120753540826,289.3778325919624,0.8111944132312873,0.24444159583275066,384
100.0,5,5000,384,4387.397551521708,79550.31404166255,7391714793.637894,484887613.1729592,1427187.9718473624,15.24418152336111,184.8359866362037,0.48134371519844715,89.44993357238994,292.114034395081,0.7829080749401439,0.23376457297870504,384
100.0,6,5000,384,4755.655199847761,86951.68847958765,8684642449.858192,551343417.1552968,1811340.1271473512,15.751784059864798,190.6030306030093,0.4963620588620034,93.61156289811656,294.3010097325155,0.765221726281658,0.2256484326288632,384
100.0,7,5000,384,5104.698950027181,93305.66814207978,10006253326.236904,651606538.2763124,2311380.3453948107,15.35628134227495,193.2407466695742,0.5032311111186828,94.04329859101654,295.62323560581956,0.7535252037186876,0.22216774589248647,384
100.0,8,5000,384,5425.30422758277,102998.7512700258,11302627569.341753,726083493.8732765,2671677.339766793,15.56656729524057,196.39749500830405,0.5114518099174584,96.56066828412143,295.1934079414286,0.744633721438198,0.21728927767252693,384
100.0,9,5000,384,5724.049091346633,108907.18474872943,12581659392.056147,829706467.9565907,3122163.4147852943,15.163988564585235,197.5845817721446,0.5145431816982932,95.85105154320101,295.88707625602535,0.7388694122320736,0.2154353411290493,384
100.0,10,5000,384,5983.985229776671,116368.26590730359,13750302424.391178,865726810.4031787,3414951.066783164,15.882957832838176,200.43869726717304,0.5219757741332631,99.85401619939715,295.6171964094444,0.7338541945122338,0.2106621555139687,384
100.0,11,5000,384,6235.153700737952,125781.8363005796,14928822401.981253,896536848.6296988,3823109.1444239956,16.651655115792547,202.8852954875817,0.5283471236655773,103.54464185244966,294.53420589328147,0.7300701597115259,0.20671461479345654,384
100.0,12,5000,384,6476.280867734603,133318.38276139888,16105810129.069538,972122791.661138,4174418.9382090084,16.56767053218488,203.52688251174342,0.5300179232076652,103.77955447874386,293.8070243375364,0.7273230937069938,0.2055465204208838,384
1.0,1,5000,384,0.1699852627676087,1.648975581106902,11.095675990338423,6.383222424543089,4.713952384140924e-06,1.7382562054670454,4.24014348963445,0.011042040337589714,2.549798880604196,58.289689227341,2.12389437664016,0.9702755066647032,21
1.0,2,5000,384,0.23044641319457668,2.260393188153101,20.392530952030295,10.963211113409972,1.618333408431757e-05,1.8600874087963675,5.09816989239979,0.01327648409479112,2.849420869189548,72.68532428851829,2.0478467221459224,0.9561344070083138,28
1.0,3,5000,384,0.28894516899508543,2.9269629590191113,32.05989530326982,16.51295765203696,3.016895963737558e-05,1.9414992746205622,5.538887897176604,0.01442418723223074,3.039854690589275,76.40476232834475,2.0364570410371554,0.9509398609330727,32
1.0,4,5000,384,0.3399190947171547,3.50466745540893,44.369276526078714,23.054531926134068,4.3022230034787425e-05,1.9245359944082299,5.619468404123506,0.014634032302404962,3.02496558460121,78.31023106373617,2.0294126610201295,0.9478495707548197,32
1.0,5,5000,384,0.382418850115441,3.982054509505091,56.157763938668595,28.571641151613726,5.6684278527464264e-05,1.9655071138780842,5.697214170230191,0.014836495234974455,3.0798816131552025,79.3209501450258,2.0247719740852506,0.946181325371919,34
1.0,6,5000,384,0.4197012696673019,4.31745086476964,67.64127581197259,34.19592548865597,7.257065166333033e-05,1.978050742753304,5.7810137423507895,0.015054723287371848,3.1104749804432115,80.7933586808588,2.0195422898153863,0.9441107604938332,35
1.0,7,5000,384,0.4453339175207525,4.672518816106914,76.15576246824209,37.61682332201501,8.335704803577543e-05,2.0245133890312426,6.089465695771689,0.015857983582738773,3.2295010932811374,82.91545176975984,2.0149175487592035,0.9396470428501015,37
1.0,8,5000,384,0.4704212196738062,4.958713050488244,84.97771158504631,40.89814730233287,0.00010673196883910588,2.077788779938183,6.350205803017079,0.01653699427869031,3.3380176991585664,84.8190565762243,2.008986075489441,0.9355445165196679,38
1.0,9,5000,384,0.49501521568496065,5.270857729770246,94.0953844836972,43.34796068533575,0.00011751426095427047,2.17069922081776,6.630503285759715,0.017266935639999256,3.4907168436046376,86.35582139135465,2.008748283592744,0.9314213306975165,39
1.0,10,5000,384,0.5216969665906714,5.508815933240671,104.5124063807647,48.089239829506724,0.00013168563127603927,2.1733012780259773,6.671656677716358,0.017374105931553016,3.4893451051627937,87.47680222870619,2.004958742359238,0.9299579507694394,40
1.0,11,5000,384,0.548626771956131,6.052715773149131,115.58067260428975,54.86040930220095,0.00015962430753011748,2.1068138950186936,6.675748531859771,0.017384761801718152,3.424989235954182,87.56158681857363,2.0004749347848634,0.928875338308049,41
1.0,12,5000,384,0.5774264536627125,6.2969800883486045,128.03378280556674,62.64360785417077,0.00017038941839549833,2.0438443313102113,6.593195497973876,0.017169779942640302,3.3353914579542714,87.93612773709457,2.000307716337546,0.9285743973727989,40
3.0,1,5000,384,1.3903050805834103,27.278446360895682,742.2521153648806,294.63086687601935,0.006057538563236633,2.5192612139895725,10.049975406882416,0.026171810955422956,4.393626004297965,123.71770413072365,1.605132602310959,0.8783285227241021,72
3.0,2,5000,384,1.980420675120234,38.32170162670174,1506.0733633703744,564.8433588791604,0.01969900730012808,2.6663557952755816,12.951228288274796,0.033727157000715616,5.04481208198426,142.38208714233096,1.533710898544519,0.8397363155946016,94
3.0,3,5000,384,2.493431380313685,50.150122440938766,2387.404818559876,838.3504061950957,0.03357211427244415,2.8477409934054396,14.275478156758775,0.03717572436655931,5.516311424931199,145.42702934914195,1.5166804013986803,0.8287239314829657,105
3.0,4,5000,384,2.861320152715865,59.94081313137242,3143.866758273769,1093.8310323573714,0.04749729672498515,2.874179526154291,15.07962075353231,0.039269845712323725,5.68491414306627,147.1389676200368,1.500005035022328,0.8186143069067698,110
3.0,5,5000,384,3.2164635504287205,67.13775103647198,3972.7249041548275,1443.6921685429488,0.0618861409268179,2.751781155787742,14.870854080184001,0.03872618250047917,5.468322108556387,148.23390169062503,1.4943885691925773,0.8182579205653617,107
3.0,6,5000,384,3.480601946046474,72.87879333466037,4652.002524219842,1631.8264138689688,0.07726173075978764,2.8507949648824504,15.668750290533193,0.04080403721493019,5.716358087334401,150.52851432121724,1.4909537975866431,0.8093355362592959,113
3.0,7,5000,384,3.7415908643092304,78.29879883006565,5375.8088432188015,1867.9004191450185,0.08787883250182879,2.877995415665378,16.223627597962608,0.04224903020302762,5.8381279965946655,152.0138647399689,1.4877311604450705,0.8021484389903971,116
3.0,8,5000,384,3.9744754055106917,85.49037713526802,6065.838623619601,2083.320968219846,0.105046507253223,2.911619820541975,16.834973126013534,0.04384107584899358,6.01723420081909,151.9883970004932,1.487518680073924,0.7962340447459334,118
3.0,9,5000,384,4.188509100301179,88.8789676440718,6736.745657589423,2264.4775390412888,0.1192588951361894,2.9749668704780166,17.369102948284738,0.04523203892782484,6.1905968480681315,153.73286845080221,1.4859626975253764,0.7911681954208964,122
3.0,10,5000,384,4.412887108706104,94.51245115514823,7477.851891526856,2494.903474582673,0.13036513334343694,2.997250982937402,17.561782534337073,0.04573380868316946,6.249128632023529,153.5479630423542,1.4879829787130794,0.790043826706876,122
3.0,11,5000,384,4.603207055216054,102.28564185411832,8136.773834185288,2685.87270070641,0.14166207738029957,3.029471140626002,18.02101270990283,0.04692972059870529,6.3829462339977034,152.76725955235443,1.4849170865923313,0.7854058574924219,126
3.0,12,5000,384,4.806666027805403,106.89037366486629,8871.95070829769,2914.4731999577098,0.15550523804538738,3.0441009745522543,18.209142779899686,0.04741964265598877,6.449440650352124,152.79314085194434,1.4874116060869247,0.7841010824398995,126
10.0,1,5000,384,19.555148265939597,336.20962261863843,146843.06830190605,13457.256837228706,14.35233575784358,10.911812866324539,105.13737528305937,0.27379524813296713,46.03723663949376,249.53922503095865,1.1588049276698609,0.3613938418193289,384
10.0,2,5000,384,27.450906237896366,482.82575350611836,289364.06526020257,23428.221222754488,36.76341929784788,12.351089846256013,139.73680137471953,0.36389792024666545,61.72345972490195,271.00407207761305,0.9546558869207101,0.299201467305075,384
10.0,3,5000,384,33.32041375926973,605.3381164649462,426335.9896661496,34406.222221102595,63.12602187504175,12.391246761309997,154.02910278990817,0.4011174551820525,66.72306141239171,278.69402062757024,0.8812345953135947,0.281149912258694,384
10.0,4,5000,384,37.99898944731914,703.2219962501765,554466.508422709,43373.96295615561,89.24520997280202,12.783395166892847,163.48719725344083,0.4257479095141688,71.58527238902354,282.8830184206285,0.846447502060675,0.26719169990473973,384
10.0,5,5000,384,42.00034766171778,792.4969085801772,677387.2142227823,54356.41030612403,122.77936346515416,12.46195638026643,168.75196781778195,0.4394582495254738,72.40470752672474,285.4020598271242,0.8224269616004458,0.25983570506281173,384
10.0,6,5000,384,45.54764915500301,864.4613049408985,796641.9239221425,62183.535419299005,152.88210451837128,12.811139131129238,172.85240141091353,0.45013646200758733,74.95748024831933,287.1071167235116,0.8091493977137418,0.2534774362801036,384
10.0,7,5000,384,48.91930969475962,925.0782377495032,918949.9626285322,74007.34603398494,183.587984614315,12.417010092572983,174.27682153416185,0.4538458894118798,74.30450812307629,288.1604337910051,0.8009870393347012,0.2506634885672379,384
10.0,8,5000,384,51.95254689318526,1021.9493143705047,1036441.7774164274,83632.1646516296,210.05771932920004,12.392860829726615,176.80914396867283,0.4604404790850855,75.316357706617,287.56450125318565,0.7926386583931935,0.24666738542586486,384
10.0,9,5000,384,54.85024407886372,1080.5799864594214,1155282.921796195,96644.55082942237,246.7980446732522,11.953937515165954,177.0133730320886,0.4609723256043974,73.58096697938012,288.0924246099439,0.7879807440032832,0.24571410213860334,384
10.0,10,5000,384,57.34702541508958,1153.2451082153993,1262853.6284002294,102145.5129860864,268.18550628441875,12.363280495465789,179.2079102701215,0.4666872663284414,76.22593086661331,287.63941320151616,0.7840601823052153,0.24183458710730027,384
10.0,11,5000,384,59.72811129325027,1246.338283706443,1369899.7550050141,105546.38770137547,298.02432688209166,12.979124959547637,181.65438199720268,0.47305828645104864,79.61173385198316,286.37686263739306,0.7809985809532406,0.237837578841464,384
10.0,12,5000,384,62.0336114324497,1318.9535968925602,1477696.8757832274,114544.10103544133,319.71026250375905,12.900680719699482,182.02168177123542,0.4740147962792589,79.62212900066811,285.5831236741208,0.7786247189933444,0.23737827379745124,384
100.0,1,5000,384,2061.1553593024637,33273.69514176652,1631370783.429607,129214305.59254304,155137.1399298517,12.625310920091756,107.65167904476623,0.2803429141790787,50.43240944355372,250.86332091530073,1.166699453913406,0.35051899834818556,384
100.0,2,5000,384,2881.1009184737263,48008.17949575442,3187485120.9331775,224063985.33747613,400482.6205670105,14.225780712292142,147.1946504921219,0.3833194023232341,69.88413404897847,274.97224749951016,0.9343997150177695,0.2836848181992951,384
100.0,3,5000,384,3491.111512881274,60100.06522006569,4680138084.622915,321909743.5793731,726990.3741274093,14.538665504757969,165.2903378825726,0.43044358823586615,78.20475740254783,284.48330066938234,0.8522278051602539,0.2611291850153408,384
100.0,4,5000,384,3974.7200039757977,70123.5865334652,6066585258.24206,396216162.384089,1076147.1576626794,15.311301845282014,177.25204150435277,0.461593858084252,85.89322268229856,289.3718821958754,0.8113060400872735,0.24421322521543642,384
100.0,5,5000,384,4388.768512387305,79566.50934555443,7396334997.243756,484586804.88244796,1439860.826645286,15.263178697236658,184.95881290799773,0.4816635752812441,89.6094544165035,292.14442233141733,0.783046527933381,0.23326133772400343,384
100.0,6,5000,384,4755.470952928261,86943.03654569789,8683969529.911457,550489733.4290094,1807150.508732265,15.774989073490746,190.68900164173687,0.4965859417753564,93.72371805587993,294.34126697269704,0.765843646018366,0.22534639796602005,384
100.0,7,5000,384,5104.7054013451325,93302.99097280357,10006278618.056513,652204354.107095,2243888.4144631326,15.342244428520688,193.23103503590625,0.5032058204060058,93.97990722642633,295.6585944019211,0.7546421679643557,0.2219453481555373,384
100.0,8,5000,384,5422.73985374561,103048.38882338631,11291945288.217968,726011871.0326786,2656839.146551924,15.553389329786462,196.4262675554191,0.5115267384255705,96.53981216611412,295.18027238737693,0.7456343652693698,0.21697828194234942,384
100.0,9,5000,384,5721.0164087247695,108951.25235951002,12568331039.576855,826967409.1189923,3135234.584222751,15.198097169230037,197.8305118085085,0.5151836245013243,96.12318578697344,295.92267907452975,0.73881152450533,0.21478719164044,384
100.0,10,5000,384,5982.102451972902,116426.98326200215,13741651102.425678,864251333.4586535,3453780.000114411,15.90006352368919,200.63883323311063,0.5224969615445589,100.08794513112373,295.6108025321203,0.7334712201755855,0.20996898680113088,384
100.0,11,5000,384,6233.429263917478,125777.69342452634,14920565909.092913,893658411.5664301,3797693.194045018,16.696050432670038,203.13067416531163,0.5289861306388324,103.87099634806394,294.5797051014905,0.7297251629810921,0.2059571693626158,384
100.0,12,5000,384,6473.164583591249,133334.6364885658,16090314134.883862,968981243.5718224,4073029.3093052413,16.60539276856624,203.81113546749506,0.530758165279935,104.10989730506587,293.8669821054041,0.7267794574218789,0.20487426324908392,384
0.1,1,5000,384,0.0006999731008053063,0.39409153164776367,0.00018814553927078227,0.000137479545841187,5.852217070517495e-16,1.3685347745338305,2.341133290395276,0.006096701277071031,1.7491600579267554,1.6527893065972687,2.3803894438742708,0.997015847415902,7
0.1,2,5000,384,0.0009615740471412808,0.3959699079712856,0.00035505586488409426,0.0002537729525196247,1.1461154799289028e-13,1.3991083815625986,2.424410423603681,0.006313568811467919,1.8122886987867437,1.9385165987089126,2.2589914197796293,0.9968066323012855,7
0.1,3,5000,384,0.0012020184811351194,0.39875700466629216,0.0005548217967323056,0.00039779521294788453,3.2376209187759456e-13,1.3947422660538484,2.4030769860432257,0.006258012984487567,1.8010010688527427,2.1724284456231837,2.230311073891774,0.9968549389407412,7
0.1,4,5000,384,0.0013572359141811117,0.39965207919687007,0.0007073623014693265,0.0004967498688845429,6.8402884213323e-13,1.423980851887724,2.4586048968261,0.006402616918817969,1.8513179465335035,2.3623684035655828,2.210559788261769,0.9966462567022569,7
0.1,5,5000,384,0.0015019914672506525,0.404200616878203,0.0008662956931944069,0.0006051622318573699,9.277994787887157e-13,1.4315098457740227,2.478390059380058,0.006454140779635568,1.8667975655000506,2.5138108633232883,2.199654563756443,0.9965657109876253,7
0.1,6,5000,384,0.0016291538212190443,0.40342559306899656,0.0010191905945059639,0.0007177644997060021,1.3302064123755459e-12,1.4199512443474518,2.478659305795981,0.006454841942177034,1.8518398814821326,2.6723004942639066,2.2019818047695754,0.9964325607001471,8
0.1,7,5000,384,0.001776288989180559,0.4033269382358199,0.0012115977880642914,0.0008619637654853315,1.4717447446673957e-12,1.4056249654323896,2.4449026993395613,0.006366934112863441,1.8238666744853265,2.825816671788212,2.1987640559520996,0.9964476483161874,8
0.1,8,5000,384,0.001905881789841318,0.40277656854904664,0.0013948359923899184,0.0009875099705116816,2.1299766917102377e-12,1.4124778827976587,2.452118443351066,0.006385725112893401,1.8345267556825355,2.9724956563425953,2.199342917953849,0.9964498691247708,8
0.1,9,5000,384,0.0019684231766777596,0.40320992844186276,0.0014878808841531505,0.0010464559207673599,2.5176439010481804e-12,1.4218285305912324,2.4796562841781933,0.006457438240047378,1.8521960149183059,3.0858283563884044,2.19526825185611,0.9962085185578571,8
0.1,10,5000,384,0.002064241909503364,0.40382421245946887,0.0016362603498048364,0.0011407614970533235,2.871841794277475e-12,1.4343579740650656,2.511502957887651,0.006540372286165758,1.876794966375379,3.2121287312433986,2.194782735507684,0.996111568409022,8
0.1,11,5000,384,0.002156736164913688,0.4064240022118388,0.0017861801798578951,0.0012421842381935646,3.67460390657787e-12,1.4379349897849547,2.5182691368685073,0.006557992543928404,1.8830511061976376,3.3161946718915694,2.195675766392484,0.9960276876602732,8
0.1,12,5000,384,0.0022638702477573262,0.40578172142882024,0.0019680416634934336,0.001386678293083484,4.858528878701788e-12,1.4192489154187322,2.48697663673444,0.006476501658162604,1.8506399857499145,3.4428477295464366,2.196606758461498,0.9959949641312583,8
