run_id,epoch,step,group,n_par,rel_disp,norm_ratio
in100.floorssl.s0.e28w5,0,0,backbone,21664896,0.0,1.0
in100.floorssl.s0.e28w5,0,0,scaled48,21233664,0.0,1.0
in100.floorssl.s0.e28w5,0,0,qkv,5308416,0.0,1.0
in100.floorssl.s0.e28w5,0,0,attn_proj,1769472,0.0,1.0
in100.floorssl.s0.e28w5,0,0,fc1,7077888,0.0,1.0
in100.floorssl.s0.e28w5,0,0,fc2,7077888,0.0,1.0
in100.floorssl.s0.e28w5,0,0,block_ln,18432,0.0,1.0
in100.floorssl.s0.e28w5,0,0,biases,51072,0.0,1.0
in100.floorssl.s0.e28w5,0,0,patch_embed,295296,0.0,1.0
in100.floorssl.s0.e28w5,0,0,pos_cls,76032,0.0,1.0
in100.floorssl.s0.e28w5,0,0,final_ln,768,0.0,1.0
in100.floorssl.s0.e28w5,0,0,projector_mlp,5517568,0.0,1.0
in100.floorssl.s0.e28w5,0,0,block00,1774464,0.0,1.0
in100.floorssl.s0.e28w5,0,0,block01,1774464,0.0,1.0
in100.floorssl.s0.e28w5,0,0,block02,1774464,0.0,1.0
in100.floorssl.s0.e28w5,0,0,block03,1774464,0.0,1.0
in100.floorssl.s0.e28w5,0,0,block04,1774464,0.0,1.0
in100.floorssl.s0.e28w5,0,0,block05,1774464,0.0,1.0
in100.floorssl.s0.e28w5,0,0,block06,1774464,0.0,1.0
in100.floorssl.s0.e28w5,0,0,block07,1774464,0.0,1.0
in100.floorssl.s0.e28w5,0,0,block08,1774464,0.0,1.0
in100.floorssl.s0.e28w5,0,0,block09,1774464,0.0,1.0
in100.floorssl.s0.e28w5,0,0,block10,1774464,0.0,1.0
in100.floorssl.s0.e28w5,0,0,block11,1774464,0.0,1.0
in100.floorssl.s0.e28w5,1,989,backbone,21664896,0.02172632244840515,1.000276448117598
in100.floorssl.s0.e28w5,1,989,scaled48,21233664,0.022156479251132413,1.0002841235804965
in100.floorssl.s0.e28w5,1,989,qkv,5308416,0.02259420435462085,1.0004185459477835
in100.floorssl.s0.e28w5,1,989,attn_proj,1769472,0.021472676001765577,1.0005363760606145
in100.floorssl.s0.e28w5,1,989,fc1,7077888,0.0221824714215945,1.000207632045725
in100.floorssl.s0.e28w5,1,989,fc2,7077888,0.02196725896771946,1.000196746769062
in100.floorssl.s0.e28w5,1,989,block_ln,18432,0.0029297274828749393,1.0000612670227125
in100.floorssl.s0.e28w5,1,989,biases,51072,1.1592973926954122,1.537209968535661
in100.floorssl.s0.e28w5,1,989,patch_embed,295296,0.01943928635121557,1.0002993878872621
in100.floorssl.s0.e28w5,1,989,pos_cls,76032,0.11746753684309526,1.006837558174125
in100.floorssl.s0.e28w5,1,989,final_ln,768,0.004299853031767607,0.9971259099426983
in100.floorssl.s0.e28w5,1,989,projector_mlp,5517568,0.07530690004171632,1.0033178980592812
in100.floorssl.s0.e28w5,1,989,block00,1774464,0.020282095077797564,1.000319484596678
in100.floorssl.s0.e28w5,1,989,block01,1774464,0.020849472874858117,1.000262456383175
in100.floorssl.s0.e28w5,1,989,block02,1774464,0.0209856915268187,1.0002975328499444
in100.floorssl.s0.e28w5,1,989,block03,1774464,0.02137419287125107,1.0002203116604844
in100.floorssl.s0.e28w5,1,989,block04,1774464,0.021584288369428765,1.0002389458521694
in100.floorssl.s0.e28w5,1,989,block05,1774464,0.021671944041435097,1.0002673516620295
in100.floorssl.s0.e28w5,1,989,block06,1774464,0.021713757214590932,1.0002285804506272
in100.floorssl.s0.e28w5,1,989,block07,1774464,0.022102626445757504,1.000249111286375
in100.floorssl.s0.e28w5,1,989,block08,1774464,0.022122093972440304,1.000254448055832
in100.floorssl.s0.e28w5,1,989,block09,1774464,0.02257663254570462,1.0002838445793558
in100.floorssl.s0.e28w5,1,989,block10,1774464,0.02252043162460634,1.000330169031866
in100.floorssl.s0.e28w5,1,989,block11,1774464,0.02266498857404705,1.0003501879255547
in100.floorssl.s0.e28w5,2,1978,backbone,21664896,0.05383980173493033,1.0015142881689783
in100.floorssl.s0.e28w5,2,1978,scaled48,21233664,0.05489704900671788,1.001569744613967
in100.floorssl.s0.e28w5,2,1978,qkv,5308416,0.05905497878924274,1.0021792582420486
in100.floorssl.s0.e28w5,2,1978,attn_proj,1769472,0.058607951824921865,1.0028806352613082
in100.floorssl.s0.e28w5,2,1978,fc1,7077888,0.05346879976652174,1.0012453964333616
in100.floorssl.s0.e28w5,2,1978,fc2,7077888,0.05204011273625927,1.0011088521918166
in100.floorssl.s0.e28w5,2,1978,block_ln,18432,0.0077995799912066125,0.9997390631548212
in100.floorssl.s0.e28w5,2,1978,biases,51072,2.8797482653289364,3.052637131901143
in100.floorssl.s0.e28w5,2,1978,patch_embed,295296,0.048287399899119524,1.0023843713162373
in100.floorssl.s0.e28w5,2,1978,pos_cls,76032,0.29694928640437274,1.0434225986238066
in100.floorssl.s0.e28w5,2,1978,final_ln,768,0.013910412415039363,0.9894202181199232
in100.floorssl.s0.e28w5,2,1978,projector_mlp,5517568,0.17957610520106113,1.0009507038228105
in100.floorssl.s0.e28w5,2,1978,block00,1774464,0.052439821918973555,1.0015511185982349
in100.floorssl.s0.e28w5,2,1978,block01,1774464,0.05375326321296494,1.0014707359046173
in100.floorssl.s0.e28w5,2,1978,block02,1774464,0.05388665570135123,1.0015947281432538
in100.floorssl.s0.e28w5,2,1978,block03,1774464,0.05414048797006118,1.0015016058514459
in100.floorssl.s0.e28w5,2,1978,block04,1774464,0.054190907787628376,1.0014676298110925
in100.floorssl.s0.e28w5,2,1978,block05,1774464,0.054096059473284504,1.0015392535678993
in100.floorssl.s0.e28w5,2,1978,block06,1774464,0.05398770072221389,1.0014705913098463
in100.floorssl.s0.e28w5,2,1978,block07,1774464,0.05369579260678837,1.0014692042148892
in100.floorssl.s0.e28w5,2,1978,block08,1774464,0.05355650834190927,1.0014009058665245
in100.floorssl.s0.e28w5,2,1978,block09,1774464,0.05444699360421378,1.0015527629861836
in100.floorssl.s0.e28w5,2,1978,block10,1774464,0.05382434654906483,1.0014694398738238
in100.floorssl.s0.e28w5,2,1978,block11,1774464,0.05365877555702952,1.0014631220824424
in100.floorssl.s0.e28w5,3,2967,backbone,21664896,0.08733404335143988,1.0032755953433217
in100.floorssl.s0.e28w5,3,2967,scaled48,21233664,0.08902150009578605,1.0034871909087975
in100.floorssl.s0.e28w5,3,2967,qkv,5308416,0.09642880334002188,1.0039504895443838
in100.floorssl.s0.e28w5,3,2967,attn_proj,1769472,0.10910508259746281,1.0077200279242928
in100.floorssl.s0.e28w5,3,2967,fc1,7077888,0.08413967829692665,1.002951719633644
in100.floorssl.s0.e28w5,3,2967,fc2,7077888,0.08212807684194581,1.0026130489307779
in100.floorssl.s0.e28w5,3,2967,block_ln,18432,0.013934561269426013,0.9963053711272138
in100.floorssl.s0.e28w5,3,2967,biases,51072,4.6341339690282615,4.761278617518071
in100.floorssl.s0.e28w5,3,2967,patch_embed,295296,0.07983359377025855,1.007766715000272
in100.floorssl.s0.e28w5,3,2967,pos_cls,76032,0.4856308060084964,1.1116295650175814
in100.floorssl.s0.e28w5,3,2967,final_ln,768,0.02814482487275088,0.9770109097793253
in100.floorssl.s0.e28w5,3,2967,projector_mlp,5517568,0.3149675109431839,1.0105733312053926
in100.floorssl.s0.e28w5,3,2967,block00,1774464,0.08986525428700033,1.0026141210261348
in100.floorssl.s0.e28w5,3,2967,block01,1774464,0.09049001905942393,1.0032354330368367
in100.floorssl.s0.e28w5,3,2967,block02,1774464,0.08982211940083674,1.0035591009156786
in100.floorssl.s0.e28w5,3,2967,block03,1774464,0.0900030834459835,1.0033422166116446
in100.floorssl.s0.e28w5,3,2967,block04,1774464,0.08852077406681325,1.0034089670292143
in100.floorssl.s0.e28w5,3,2967,block05,1774464,0.08791906017698069,1.0034237907399992
in100.floorssl.s0.e28w5,3,2967,block06,1774464,0.08751674445390295,1.0033432143934724
in100.floorssl.s0.e28w5,3,2967,block07,1774464,0.0860173692220458,1.0032062775342492
in100.floorssl.s0.e28w5,3,2967,block08,1774464,0.0854615631058271,1.003150281217786
in100.floorssl.s0.e28w5,3,2967,block09,1774464,0.0851413060729586,1.0031323379134611
in100.floorssl.s0.e28w5,3,2967,block10,1774464,0.08327251578407781,1.0030339555780532
in100.floorssl.s0.e28w5,3,2967,block11,1774464,0.082666857723149,1.0028913978176761
in100.floorssl.s0.e28w5,4,3956,backbone,21664896,0.12596554578957792,1.0057319303750045
in100.floorssl.s0.e28w5,4,3956,scaled48,21233664,0.12833597957576556,1.0063400255950012
in100.floorssl.s0.e28w5,4,3956,qkv,5308416,0.1389403111191241,1.0048561202121653
in100.floorssl.s0.e28w5,4,3956,attn_proj,1769472,0.17060275379748183,1.016611212794368
in100.floorssl.s0.e28w5,4,3956,fc1,7077888,0.11834812245351023,1.005829832768764
in100.floorssl.s0.e28w5,4,3956,fc2,7077888,0.11682143388134152,1.00537544690081
in100.floorssl.s0.e28w5,4,3956,block_ln,18432,0.027723815828096153,0.9871278993154384
in100.floorssl.s0.e28w5,4,3956,biases,51072,7.455224852829661,7.573369722381601
in100.floorssl.s0.e28w5,4,3956,patch_embed,295296,0.11602775394831896,1.0154339188214152
in100.floorssl.s0.e28w5,4,3956,pos_cls,76032,0.6805643654407605,1.2105524977496378
in100.floorssl.s0.e28w5,4,3956,final_ln,768,0.04735446462109562,0.959623332723327
in100.floorssl.s0.e28w5,4,3956,projector_mlp,5517568,0.46133067701059466,1.0331462745183067
in100.floorssl.s0.e28w5,4,3956,block00,1774464,0.1304744105442854,1.002634230865104
in100.floorssl.s0.e28w5,4,3956,block01,1774464,0.13573888156900363,1.0057892890452929
in100.floorssl.s0.e28w5,4,3956,block02,1774464,0.1358139217889897,1.006679102145222
in100.floorssl.s0.e28w5,4,3956,block03,1774464,0.13403360466976302,1.0061438496195227
in100.floorssl.s0.e28w5,4,3956,block04,1774464,0.12988582272326213,1.0060578869476131
in100.floorssl.s0.e28w5,4,3956,block05,1774464,0.12692189659633538,1.0059408559369065
in100.floorssl.s0.e28w5,4,3956,block06,1774464,0.1262508631665511,1.0059438137903762
in100.floorssl.s0.e28w5,4,3956,block07,1774464,0.12305998315036926,1.0058263006445
in100.floorssl.s0.e28w5,4,3956,block08,1774464,0.1192933027434671,1.0055632334027023
in100.floorssl.s0.e28w5,4,3956,block09,1774464,0.11622275476411764,1.005346287791539
in100.floorssl.s0.e28w5,4,3956,block10,1774464,0.11297440218618189,1.0051475294061307
in100.floorssl.s0.e28w5,4,3956,block11,1774464,0.11700384538602877,1.005647392670591
in100.floorssl.s0.e28w5,5,4945,backbone,21664896,0.1749794072634175,1.0110523353197816
in100.floorssl.s0.e28w5,5,4945,scaled48,21233664,0.17811976277687988,1.0123430904849184
in100.floorssl.s0.e28w5,5,4945,qkv,5308416,0.19331961527077374,1.008509819646607
in100.floorssl.s0.e28w5,5,4945,attn_proj,1769472,0.2364361085131729,1.030962725771094
in100.floorssl.s0.e28w5,5,4945,fc1,7077888,0.1644449072517264,1.0119422351155352
in100.floorssl.s0.e28w5,5,4945,fc2,7077888,0.16164486959997768,1.010903858216982
in100.floorssl.s0.e28w5,5,4945,block_ln,18432,0.05162917889917033,0.9734374975234521
in100.floorssl.s0.e28w5,5,4945,biases,51072,11.77473144479232,11.881185284988238
in100.floorssl.s0.e28w5,5,4945,patch_embed,295296,0.1532285603492251,1.024567138034015
in100.floorssl.s0.e28w5,5,4945,pos_cls,76032,1.0773933940414326,1.4689920933059593
in100.floorssl.s0.e28w5,5,4945,final_ln,768,0.07107673187556773,0.9378023672934973
in100.floorssl.s0.e28w5,5,4945,projector_mlp,5517568,0.6298689757968197,1.0832289925572018
in100.floorssl.s0.e28w5,5,4945,block00,1774464,0.17323884209062676,1.0042697338127693
in100.floorssl.s0.e28w5,5,4945,block01,1774464,0.19081582038794156,1.0119640203073454
in100.floorssl.s0.e28w5,5,4945,block02,1774464,0.19445920445384224,1.013918704225283
in100.floorssl.s0.e28w5,5,4945,block03,1774464,0.19054526620646936,1.013300674321612
in100.floorssl.s0.e28w5,5,4945,block04,1774464,0.18399541523942003,1.0126585174554759
in100.floorssl.s0.e28w5,5,4945,block05,1774464,0.17830292153251426,1.011676983776733
in100.floorssl.s0.e28w5,5,4945,block06,1774464,0.17498996042950843,1.0113199659215857
in100.floorssl.s0.e28w5,5,4945,block07,1774464,0.17025501448808317,1.010784959765856
in100.floorssl.s0.e28w5,5,4945,block08,1774464,0.1634434495762451,1.0101047297234584
in100.floorssl.s0.e28w5,5,4945,block09,1774464,0.1573977777404141,1.009439353260455
in100.floorssl.s0.e28w5,5,4945,block10,1774464,0.15464012421199033,1.0094495963909875
in100.floorssl.s0.e28w5,5,4945,block11,1774464,0.16013390622666232,1.010433186346599
in100.floorssl.s0.e28w5,6,5934,backbone,21664896,0.23714716149134504,1.022195979556686
in100.floorssl.s0.e28w5,6,5934,scaled48,21233664,0.24123618638424968,1.0243690797356766
in100.floorssl.s0.e28w5,6,5934,qkv,5308416,0.2550900108447796,1.017407104539217
in100.floorssl.s0.e28w5,6,5934,attn_proj,1769472,0.30842777359494844,1.051860344022762
in100.floorssl.s0.e28w5,6,5934,fc1,7077888,0.22779784438678205,1.024604058824207
in100.floorssl.s0.e28w5,6,5934,fc2,7077888,0.22383097680327832,1.0223539773892005
in100.floorssl.s0.e28w5,6,5934,block_ln,18432,0.08069602478869692,0.9598447695663347
in100.floorssl.s0.e28w5,6,5934,biases,51072,17.17431371196847,17.272381742683674
in100.floorssl.s0.e28w5,6,5934,patch_embed,295296,0.19355922211585183,1.036115515181911
in100.floorssl.s0.e28w5,6,5934,pos_cls,76032,1.6629426991305558,1.9344004262743273
in100.floorssl.s0.e28w5,6,5934,final_ln,768,0.09984090110767092,0.9118772020922744
in100.floorssl.s0.e28w5,6,5934,projector_mlp,5517568,0.8308282495886193,1.1820268457481502
in100.floorssl.s0.e28w5,6,5934,block00,1774464,0.22129394999660157,1.009132691142847
in100.floorssl.s0.e28w5,6,5934,block01,1774464,0.2530809065620807,1.023179098598716
in100.floorssl.s0.e28w5,6,5934,block02,1774464,0.26156319321964305,1.0268085799259998
in100.floorssl.s0.e28w5,6,5934,block03,1774464,0.2588390432541287,1.026815125213242
in100.floorssl.s0.e28w5,6,5934,block04,1774464,0.25246751121323596,1.026224368774423
in100.floorssl.s0.e28w5,6,5934,block05,1774464,0.24228954083440613,1.0236116845354355
in100.floorssl.s0.e28w5,6,5934,block06,1774464,0.23713512195881073,1.022511204416236
in100.floorssl.s0.e28w5,6,5934,block07,1774464,0.22942602955820968,1.0213588500114767
in100.floorssl.s0.e28w5,6,5934,block08,1774464,0.22124985168098082,1.0200056176547367
in100.floorssl.s0.e28w5,6,5934,block09,1774464,0.21485954338591126,1.0188554613966354
in100.floorssl.s0.e28w5,6,5934,block10,1774464,0.2169391131685813,1.0201084545829253
in100.floorssl.s0.e28w5,6,5934,block11,1774464,0.2276323082371596,1.023032014061196
in100.floorssl.s0.e28w5,7,6923,backbone,21664896,0.3037316701447332,1.0390129657813842
in100.floorssl.s0.e28w5,7,6923,scaled48,21233664,0.30902968684785953,1.0421678820489597
in100.floorssl.s0.e28w5,7,6923,qkv,5308416,0.3166638224261015,1.0310517889372877
in100.floorssl.s0.e28w5,7,6923,attn_proj,1769472,0.38069887361247295,1.0782375857657491
in100.floorssl.s0.e28w5,7,6923,fc1,7077888,0.29913031305243876,1.0438586917149755
in100.floorssl.s0.e28w5,7,6923,fc2,7077888,0.2925163834984098,1.0395683265335667
in100.floorssl.s0.e28w5,7,6923,block_ln,18432,0.10915119630778823,0.9498598418737899
in100.floorssl.s0.e28w5,7,6923,biases,51072,22.207615975812743,22.298685810867834
in100.floorssl.s0.e28w5,7,6923,patch_embed,295296,0.23327235379984929,1.0491947366261105
in100.floorssl.s0.e28w5,7,6923,pos_cls,76032,2.156735845121113,2.370373979534915
in100.floorssl.s0.e28w5,7,6923,final_ln,768,0.13289634715487167,0.8820161164461263
in100.floorssl.s0.e28w5,7,6923,projector_mlp,5517568,1.0426729407189435,1.3142849913146324
in100.floorssl.s0.e28w5,7,6923,block00,1774464,0.26746638380488885,1.0151757287772691
in100.floorssl.s0.e28w5,7,6923,block01,1774464,0.31546331854234694,1.0381399186193914
in100.floorssl.s0.e28w5,7,6923,block02,1774464,0.32948659912139533,1.0444287286807419
in100.floorssl.s0.e28w5,7,6923,block03,1774464,0.3304786134628307,1.0464372440601748
in100.floorssl.s0.e28w5,7,6923,block04,1774464,0.32535137177250395,1.0465087443145145
in100.floorssl.s0.e28w5,7,6923,block05,1774464,0.3138925695951809,1.042585708456538
in100.floorssl.s0.e28w5,7,6923,block06,1774464,0.3062788256140983,1.0408095296281346
in100.floorssl.s0.e28w5,7,6923,block07,1774464,0.2959725877398636,1.038438519885409
in100.floorssl.s0.e28w5,7,6923,block08,1774464,0.2870103742550715,1.0362331794065924
in100.floorssl.s0.e28w5,7,6923,block09,1774464,0.2827153874908393,1.0353408909937
in100.floorssl.s0.e28w5,7,6923,block10,1774464,0.28866284996614544,1.038133150676268
in100.floorssl.s0.e28w5,7,6923,block11,1774464,0.2931463160896685,1.040206518093576
in100.floorssl.s0.e28w5,8,7912,backbone,21664896,0.37469788518543745,1.0617994971889098
in100.floorssl.s0.e28w5,8,7912,scaled48,21233664,0.38134708277255774,1.0661099609015592
in100.floorssl.s0.e28w5,8,7912,qkv,5308416,0.37756382788546927,1.0486706031710586
in100.floorssl.s0.e28w5,8,7912,attn_proj,1769472,0.45156230097696326,1.1089049321417237
in100.floorssl.s0.e28w5,8,7912,fc1,7077888,0.37795188965305715,1.0702362810322898
in100.floorssl.s0.e28w5,8,7912,fc2,7077888,0.3681217705222601,1.0640015866922234
in100.floorssl.s0.e28w5,8,7912,block_ln,18432,0.13699470189071414,0.9411839378199451
in100.floorssl.s0.e28w5,8,7912,biases,51072,27.389321123505592,27.476793329121108
in100.floorssl.s0.e28w5,8,7912,patch_embed,295296,0.2766570075200852,1.0649124282073268
in100.floorssl.s0.e28w5,8,7912,pos_cls,76032,2.6280262099975813,2.8060181501144177
in100.floorssl.s0.e28w5,8,7912,final_ln,768,0.16899650451214293,0.8484516471612334
in100.floorssl.s0.e28w5,8,7912,projector_mlp,5517568,1.2612946994472805,1.4713591768367091
in100.floorssl.s0.e28w5,8,7912,block00,1774464,0.3171134186227763,1.0239786331159326
in100.floorssl.s0.e28w5,8,7912,block01,1774464,0.3776510939934577,1.0566807971088958
in100.floorssl.s0.e28w5,8,7912,block02,1774464,0.3980807399635042,1.066908371022684
in100.floorssl.s0.e28w5,8,7912,block03,1774464,0.40404029426239313,1.0719927324106755
in100.floorssl.s0.e28w5,8,7912,block04,1774464,0.402302216513021,1.07369957012951
in100.floorssl.s0.e28w5,8,7912,block05,1774464,0.3902759651003836,1.0693927670270282
in100.floorssl.s0.e28w5,8,7912,block06,1774464,0.3815461434389034,1.066436814379202
in100.floorssl.s0.e28w5,8,7912,block07,1774464,0.36958695753456433,1.0625787662365656
in100.floorssl.s0.e28w5,8,7912,block08,1774464,0.36145132297820465,1.0597065931352523
in100.floorssl.s0.e28w5,8,7912,block09,1774464,0.35483627422426467,1.057816392441868
in100.floorssl.s0.e28w5,8,7912,block10,1774464,0.365618592424355,1.0626394597095028
in100.floorssl.s0.e28w5,8,7912,block11,1774464,0.3651726614987152,1.0631359889994998
in100.floorssl.s0.e28w5,9,8901,backbone,21664896,0.4525129781575295,1.0922762908928558
in100.floorssl.s0.e28w5,9,8901,scaled48,21233664,0.4606702003664241,1.0979710949497785
in100.floorssl.s0.e28w5,9,8901,qkv,5308416,0.44179598783755375,1.0716291990652709
in100.floorssl.s0.e28w5,9,8901,attn_proj,1769472,0.5274639309541321,1.1469006545818414
in100.floorssl.s0.e28w5,9,8901,fc1,7077888,0.4650442451535557,1.1057938751029952
in100.floorssl.s0.e28w5,9,8901,fc2,7077888,0.4521126178524431,1.0970938703276079
in100.floorssl.s0.e28w5,9,8901,block_ln,18432,0.16529394442725343,0.9336854620489669
in100.floorssl.s0.e28w5,9,8901,biases,51072,32.770016038700795,32.85041682800463
in100.floorssl.s0.e28w5,9,8901,patch_embed,295296,0.32143074529129845,1.0828602317217983
in100.floorssl.s0.e28w5,9,8901,pos_cls,76032,3.1684943411436732,3.317535754932068
in100.floorssl.s0.e28w5,9,8901,final_ln,768,0.20476839251955947,0.8142197651010687
in100.floorssl.s0.e28w5,9,8901,projector_mlp,5517568,1.4775534335133367,1.6414448680905676
in100.floorssl.s0.e28w5,9,8901,block00,1774464,0.3681879571850865,1.0355442712778407
in100.floorssl.s0.e28w5,9,8901,block01,1774464,0.44138948427108443,1.079197795055969
in100.floorssl.s0.e28w5,9,8901,block02,1774464,0.4716733961841646,1.0960953106013747
in100.floorssl.s0.e28w5,9,8901,block03,1774464,0.4814332906255618,1.104232201016466
in100.floorssl.s0.e28w5,9,8901,block04,1774464,0.48533350276521237,1.1085363013021041
in100.floorssl.s0.e28w5,9,8901,block05,1774464,0.4752532444397432,1.1050649768206602
in100.floorssl.s0.e28w5,9,8901,block06,1774464,0.46749278111411136,1.1022330151917654
in100.floorssl.s0.e28w5,9,8901,block07,1774464,0.4569486074554877,1.097963052957112
in100.floorssl.s0.e28w5,9,8901,block08,1774464,0.4425726832227251,1.091455611959667
in100.floorssl.s0.e28w5,9,8901,block09,1774464,0.43544983552068267,1.0888658659230686
in100.floorssl.s0.e28w5,9,8901,block10,1774464,0.44500043871415346,1.0937886681336029
in100.floorssl.s0.e28w5,9,8901,block11,1774464,0.4492413138835392,1.0966773856893715
