lane,space_role,space,metric,arm,ctrl,delta
simclr,h,student.h.cls,effective_rank|raw|full,220.59678213517316,51.008748333425096,169.58803380174805
simclr,h,student.h.cls,rankme|raw|full,293.28457108338404,146.34065311365487,146.94391796972917
simclr,h,student.h.cls,participation_ratio|raw|full,186.00882872843854,21.457437617073477,164.55139111136506
simclr,h,student.h.cls,alpha|raw|full,0.45144210593274414,1.8056975464932814,-1.3542554405605371
simclr,h,student.h.cls,kurt_topeig.worst|raw|full,0.6892708081764432,0.8750989527954456,-0.18582814461900243
simclr,h,student.h.cls,kurt_topeig.mean|raw|full,0.07087957804872454,-0.3112704147065442,0.38214999275526873
simclr,h,student.h.cls,kurt_slices_mean_abs|raw|full,0.06410507226100717,0.14528548286334542,-0.08118041060233824
simclr,h,student.h.cls,epps_pulley|raw|full,65.2778549194336,229.67178344726562,-164.39392852783203
simclr,h,student.h.cls,gauss_kl_full.total|raw|full,0.5880178654316931,2.548168462939074,-1.960150597507381
simclr,h,student.h.cls,gauss_kl_full.location|raw|full,0.02518819652826186,0.023011455115325246,0.002176741412936615
simclr,h,student.h.cls,gauss_kl_full.spectrum|raw|full,0.5628296689034312,2.525157007823749,-1.9623273389203177
simclr,h,student.h.cls,uniformity|raw|full,-3.7175589369338238,-1.895666568406431,-1.8218923685273927
simclr,h,student.h.cls,offdiag_redundancy.mean_abs_corr|raw|full,0.046603025214440465,0.10182796407036405,-0.05522493885592359
simclr,h,student.h.cls,variance_floor.min_over_mean_std|raw|full,0.34738930679580027,0.38675538845613383,-0.03936608166033356
simclr,h,student.h.cls,collapse_margin.min_std|raw|full,0.2986146608625434,0.07541101237922776,0.22320364848331564
simclr,h.pairs,student.h.cls,alignment|pairs,0.7504924644187864,0.28522951752118386,0.4652629468976025
simclr,h.pairs,student.h.cls,cos_invariance|pairs,0.6247537677905635,0.8573852412393368,-0.23263147344877333
simclr,z,student.z.proj.out,effective_rank|raw|full,78.78143506285681,77.82235399629967,0.9590810665571468
simclr,z,student.z.proj.out,rankme|raw|full,99.03086075299484,101.171329359031,-2.1404686060361655
simclr,z,student.z.proj.out,participation_ratio|raw|full,71.22021004772441,70.23592319029575,0.984286857428657
simclr,z,student.z.proj.out,alpha|raw|full,4.087436278331175,3.7684670278514276,0.31896925047974767
simclr,z,student.z.proj.out,kurt_topeig.worst|raw|full,2.0701700341901725,84.71798857547047,-82.6478185412803
simclr,z,student.z.proj.out,kurt_topeig.mean|raw|full,0.945824145629269,17.022198613135163,-16.076374467505893
simclr,z,student.z.proj.out,kurt_slices_mean_abs|raw|full,0.33599598539091435,1.5680868535852661,-1.2320908681943519
simclr,z,student.z.proj.out,epps_pulley|raw|full,186.36395263671875,337.61785888671875,-151.25390625
simclr,z,student.z.proj.out,gauss_kl_full.total|raw|full,35.612596529480946,3.102338688094275,32.51025784138667
simclr,z,student.z.proj.out,gauss_kl_full.location|raw|full,0.011747331253363556,0.0012818033214726482,0.010465527931890907
simclr,z,student.z.proj.out,gauss_kl_full.spectrum|raw|full,35.600849198227586,3.1010568847728024,32.49979231345478
simclr,z,student.z.proj.out,uniformity|raw|full,-3.826382755509401,-3.8209869796996654,-0.0053957758097356034
simclr,z,student.z.proj.out,offdiag_redundancy.mean_abs_corr|raw|full,0.08690414329990517,0.08694505414831401,-4.091084840883441e-05
simclr,z,student.z.proj.out,variance_floor.min_over_mean_std|raw|full,0.8520432825837907,0.8352083623818772,0.01683492020191346
simclr,z,student.z.proj.out,collapse_margin.min_std|raw|full,7.170639673881948,1.483587575568681,5.687052098313267
byol,h,student.h.cls,effective_rank|raw|full,195.2721799414137,45.51215362072225,149.76002632069145
byol,h,student.h.cls,rankme|raw|full,272.525949507422,92.14770681951936,180.37824268790266
byol,h,student.h.cls,participation_ratio|raw|full,161.28203106600986,28.716205031128148,132.56582603488172
byol,h,student.h.cls,alpha|raw|full,0.5853953973758976,2.194522635463266,-1.6091272380873685
byol,h,student.h.cls,kurt_topeig.worst|raw|full,1.5698679314460318,2.0899488960292247,-0.520080964583193
byol,h,student.h.cls,kurt_topeig.mean|raw|full,0.39260701712207274,1.0318405942489626,-0.6392335771268898
byol,h,student.h.cls,kurt_slices_mean_abs|raw|full,0.07871308192692907,0.7395972522091481,-0.660884170282219
byol,h,student.h.cls,epps_pulley|raw|full,85.76359558105469,386.3294982910156,-300.56590270996094
byol,h,student.h.cls,gauss_kl_full.total|raw|full,0.7554138079728905,3.1364929151095042,-2.381079107136614
byol,h,student.h.cls,gauss_kl_full.location|raw|full,0.005112406500603277,0.05015827172504516,-0.045045865224441886
byol,h,student.h.cls,gauss_kl_full.spectrum|raw|full,0.7503014014722872,3.086334643384459,-2.3360332419121717
byol,h,student.h.cls,uniformity|raw|full,-3.8868214013707076,-0.8394526778408524,-3.047368723529855
byol,h,student.h.cls,offdiag_redundancy.mean_abs_corr|raw|full,0.054413892303504616,0.1298793564866122,-0.07546546418310758
byol,h,student.h.cls,variance_floor.min_over_mean_std|raw|full,0.13731043905283566,0.2772694693196285,-0.13995903026679282
byol,h,student.h.cls,collapse_margin.min_std|raw|full,0.11532214580706597,0.043602361069098025,0.07171978473796795
byol,h.pairs,student.h.cls,alignment|pairs,0.8678694093911201,0.13262142900022908,0.735247980390891
byol,h.pairs,student.h.cls,cos_invariance|pairs,0.5660652953043899,0.9336892854998478,-0.3676239901954579
byol,z,student.z.pred.out,effective_rank|raw|full,33.852154082559785,22.99478047901726,10.857373603542527
byol,z,student.z.pred.out,rankme|raw|full,51.96150986466835,38.968072043966615,12.993437820701736
byol,z,student.z.pred.out,participation_ratio|raw|full,24.195127700758945,15.533037235592476,8.66209046516647
byol,z,student.z.pred.out,alpha|raw|full,4.702153026676421,4.720870276066418,-0.018717249389997193
byol,z,student.z.pred.out,kurt_topeig.worst|raw|full,1.5763658760726633,7.337155021936734,-5.760789145864071
byol,z,student.z.pred.out,kurt_topeig.mean|raw|full,0.1188022170063276,1.4973130567750963,-1.3785108397687686
byol,z,student.z.pred.out,kurt_slices_mean_abs|raw|full,0.2622072692040701,0.9115349532468761,-0.6493276840428059
byol,z,student.z.pred.out,epps_pulley|raw|full,424.81646728515625,668.35546875,-243.53900146484375
byol,z,student.z.pred.out,gauss_kl_full.total|raw|full,120.52645361359491,125.73169349536266,-5.205239881767753
byol,z,student.z.pred.out,gauss_kl_full.location|raw|full,21.126388196002157,19.222611083333327,1.9037771126688305
byol,z,student.z.pred.out,gauss_kl_full.spectrum|raw|full,99.40006541759276,106.50908241202933,-7.109016994436573
byol,z,student.z.pred.out,uniformity|raw|full,-2.992282119087459,-2.9126221782839465,-0.07965994080351235
byol,z,student.z.pred.out,offdiag_redundancy.mean_abs_corr|raw|full,0.1275883102248489,0.14980843763665738,-0.022220127411808482
byol,z,student.z.pred.out,variance_floor.min_over_mean_std|raw|full,0.5413522032724954,0.5291773571580434,0.012174846114452076
byol,z,student.z.pred.out,collapse_margin.min_std|raw|full,7.453064948412482,7.345056400713864,0.1080085476986179
vicreg,h,student.h.cls,effective_rank|raw|full,300.21123612559995,66.89974609299679,233.31149003260316
vicreg,h,student.h.cls,rankme|raw|full,351.8361886781649,148.79633311119858,203.0398555669663
vicreg,h,student.h.cls,participation_ratio|raw|full,261.51840808481023,32.961078524546465,228.55732956026378
vicreg,h,student.h.cls,alpha|raw|full,0.30458242909264915,1.5897556556695365,-1.2851732265768874
vicreg,h,student.h.cls,kurt_topeig.worst|raw|full,0.37414948310682705,0.86002877329283,-0.48587929018600295
vicreg,h,student.h.cls,kurt_topeig.mean|raw|full,-0.05648568864727514,-0.146854653129467,0.09036896448219185
vicreg,h,student.h.cls,kurt_slices_mean_abs|raw|full,0.06460034554558387,0.1490281294527999,-0.08442778390721602
vicreg,h,student.h.cls,epps_pulley|raw|full,25.06993293762207,238.4845428466797,-213.41460990905762
vicreg,h,student.h.cls,gauss_kl_full.total|raw|full,0.1865264857559099,2.3286991322906143,-2.1421726465347044
vicreg,h,student.h.cls,gauss_kl_full.location|raw|full,0.0031052822843681237,0.06342597799609377,-0.060320695711725644
vicreg,h,student.h.cls,gauss_kl_full.spectrum|raw|full,0.18342120347154178,2.2652731542945204,-2.0818519508229785
vicreg,h,student.h.cls,uniformity|raw|full,-3.932549857065043,-1.0924378108300314,-2.8401120462350113
vicreg,h,student.h.cls,offdiag_redundancy.mean_abs_corr|raw|full,0.027583944969085623,0.09512033775785242,-0.0675363927887668
vicreg,h,student.h.cls,variance_floor.min_over_mean_std|raw|full,0.6970849915141699,0.46043235677310723,0.23665263474106268
vicreg,h,student.h.cls,collapse_margin.min_std|raw|full,0.6622040542347438,0.09609546729967489,0.5661085869350689
vicreg,h.pairs,student.h.cls,alignment|pairs,0.8791778786736065,0.1585453520230116,0.720632526650595
vicreg,h.pairs,student.h.cls,cos_invariance|pairs,0.5604110606631488,0.9207273239884612,-0.3603162633253124
vicreg,z,student.z.proj.out,effective_rank|raw|full,442.1913538028736,442.1548782979671,0.036475504906491096
vicreg,z,student.z.proj.out,rankme|raw|full,554.9164958194056,562.257301495137,-7.340805675731417
vicreg,z,student.z.proj.out,participation_ratio|raw|full,391.5108136108378,387.90154975745554,3.609263853382231
vicreg,z,student.z.proj.out,alpha|raw|full,0.2632735235298362,0.27398347908070253,-0.010709955550866346
vicreg,z,student.z.proj.out,kurt_topeig.worst|raw|full,212.26683526859992,245.40370735503902,-33.1368720864391
vicreg,z,student.z.proj.out,kurt_topeig.mean|raw|full,50.00298335318501,53.58420577462151,-3.5812224214365003
vicreg,z,student.z.proj.out,kurt_slices_mean_abs|raw|full,0.2910410028919351,0.26591791456060593,0.025123088331329146
vicreg,z,student.z.proj.out,epps_pulley|raw|full,50.89458465576172,44.30384063720703,6.5907440185546875
vicreg,z,student.z.proj.out,gauss_kl_full.total|raw|full,2.359046932401058,2.3509426961487727,0.00810423625228518
vicreg,z,student.z.proj.out,gauss_kl_full.location|raw|full,0.002909824710606592,0.0028153674094740944,9.445730113249746e-05
vicreg,z,student.z.proj.out,gauss_kl_full.spectrum|raw|full,2.356137107690451,2.3481273287392987,0.008009778951152402
vicreg,z,student.z.proj.out,uniformity|raw|full,-3.923294402324845,-3.9247658529724743,0.0014714506476294353
vicreg,z,student.z.proj.out,offdiag_redundancy.mean_abs_corr|raw|full,0.036265908174773855,0.036494482453131576,-0.00022857427835772104
vicreg,z,student.z.proj.out,variance_floor.min_over_mean_std|raw|full,0.9844784408656441,0.9864260627391955,-0.0019476218735514639
vicreg,z,student.z.proj.out,collapse_margin.min_std|raw|full,0.8163279111522532,0.7982477762642912,0.018080134887962007
dino,h,teacher.h.cls,effective_rank|raw|full,329.5465365538743,92.416322328329,237.13021422554533
dino,h,teacher.h.cls,rankme|raw|full,366.1685446541328,203.5791073553245,162.5894372988083
dino,h,teacher.h.cls,participation_ratio|raw|full,291.46678781747516,58.22930260612663,233.23748521134854
dino,h,teacher.h.cls,alpha|raw|full,0.3039364494138237,1.4628425137467693,-1.1589060643329456
dino,h,teacher.h.cls,kurt_topeig.worst|raw|full,0.9137398566310688,0.8931636799616869,0.02057617666938194
dino,h,teacher.h.cls,kurt_topeig.mean|raw|full,0.44694117356931196,-0.36585331460977877,0.8127944881790907
dino,h,teacher.h.cls,kurt_slices_mean_abs|raw|full,0.02968000699561443,0.0955612604358409,-0.06588125344022647
dino,h,teacher.h.cls,epps_pulley|raw|full,11.554500579833984,159.63973999023438,-148.0852394104004
dino,h,teacher.h.cls,gauss_kl_full.total|raw|full,0.11339073666133515,1.6537339363795853,-1.5403431997182502
dino,h,teacher.h.cls,gauss_kl_full.location|raw|full,0.005823241765786076,0.01478610536186676,-0.008962863596080683
dino,h,teacher.h.cls,gauss_kl_full.spectrum|raw|full,0.10756749489554907,1.6389478310177186,-1.5313803361221696
dino,h,teacher.h.cls,uniformity|raw|full,-3.9184912170021566,-3.2445983995105,-0.6738928174916565
dino,h,teacher.h.cls,offdiag_redundancy.mean_abs_corr|raw|full,0.022443330124299065,0.08485407959330445,-0.06241074946900538
dino,h,teacher.h.cls,variance_floor.min_over_mean_std|raw|full,0.04809819891024696,0.15508416318035087,-0.1069859642701039
dino,h,teacher.h.cls,collapse_margin.min_std|raw|full,0.04400743338857953,0.0574496896102983,-0.013442256221718775
dino,h.pairs,teacher.h.cls,alignment|pairs,1.3088276235533187,0.6391389594561949,0.6696886640971238
dino,h.pairs,teacher.h.cls,cos_invariance|pairs,0.34558618822326737,0.6804305202718159,-0.3348443320485486
dino,z,student.z.dino.bottleneck,effective_rank|raw|full,91.51673931532753,80.04174580417325,11.474993511154281
dino,z,student.z.dino.bottleneck,rankme|raw|full,134.85892356292,118.93939252126012,15.919531041659894
dino,z,student.z.dino.bottleneck,participation_ratio|raw|full,74.73212970601968,63.0811928573212,11.650936848698478
dino,z,student.z.dino.bottleneck,alpha|raw|full,2.20821284596221,2.699849943714829,-0.49163709775261877
dino,z,student.z.dino.bottleneck,kurt_topeig.worst|raw|full,15.675287483510093,66.89200620777538,-51.21671872426529
dino,z,student.z.dino.bottleneck,kurt_topeig.mean|raw|full,7.70991157386222,20.605720996768333,-12.895809422906114
dino,z,student.z.dino.bottleneck,kurt_slices_mean_abs|raw|full,2.0123054185039644,2.7987275896501034,-0.786422171146139
dino,z,student.z.dino.bottleneck,epps_pulley|raw|full,554.1910400390625,760.320068359375,-206.1290283203125
dino,z,student.z.dino.bottleneck,gauss_kl_full.total|raw|full,2.848822764358765,1.868100966269725,0.9807217980890399
dino,z,student.z.dino.bottleneck,gauss_kl_full.location|raw|full,0.1893916646716678,0.07884064889935702,0.11055101577231077
dino,z,student.z.dino.bottleneck,gauss_kl_full.spectrum|raw|full,2.6594310996870973,1.789260317370368,0.8701707823167293
dino,z,student.z.dino.bottleneck,uniformity|raw|full,-3.522995807198737,-3.530919743662003,0.007923936463265946
dino,z,student.z.dino.bottleneck,offdiag_redundancy.mean_abs_corr|raw|full,0.07745415239986732,0.08619786627021014,-0.008743713870342826
dino,z,student.z.dino.bottleneck,variance_floor.min_over_mean_std|raw|full,0.8167364168628458,0.828031317483797,-0.011294900620951176
dino,z,student.z.dino.bottleneck,collapse_margin.min_std|raw|full,1.887717138514599,1.2584877861424555,0.6292293523721435
lejepa,h,student.z.embed,effective_rank|raw|full,198.43138731064332,24.523114394140112,173.9082729165032
lejepa,h,student.z.embed,rankme|raw|full,228.74154066230867,35.00479686585973,193.73674379644893
lejepa,h,student.z.embed,participation_ratio|raw|full,177.49967999823465,17.86393266570141,159.63574733253324
lejepa,h,student.z.embed,alpha|raw|full,0.3751078561143087,4.84735303805202,-4.472245181937711
lejepa,h,student.z.embed,kurt_topeig.worst|raw|full,0.5509472432916707,1.4972694733950993,-0.9463222301034286
lejepa,h,student.z.embed,kurt_topeig.mean|raw|full,-0.17878183855413798,0.33830928192192167,-0.5170911204760597
lejepa,h,student.z.embed,kurt_slices_mean_abs|raw|full,0.06975647727726283,0.6583208797961153,-0.5885644025188524
lejepa,h,student.z.embed,epps_pulley|raw|full,64.0766830444336,651.8907470703125,-587.8140640258789
lejepa,h,student.z.embed,gauss_kl_full.total|raw|full,1.7286073780119737,3.888300698202888,-2.1596933201909145
lejepa,h,student.z.embed,gauss_kl_full.location|raw|full,0.008617625605539045,0.055742378518635734,-0.04712475291309669
lejepa,h,student.z.embed,gauss_kl_full.spectrum|raw|full,1.7199897524064347,3.832558319684252,-2.112568567277817
lejepa,h,student.z.embed,uniformity|raw|full,-3.8580310347827274,-1.4354173093543747,-2.4226137254283526
lejepa,h,student.z.embed,offdiag_redundancy.mean_abs_corr|raw|full,0.04999307399643846,0.15042306711948272,-0.10042999312304426
lejepa,h,student.z.embed,variance_floor.min_over_mean_std|raw|full,0.3578176795437353,0.3855730911790217,-0.027755411635286442
lejepa,h,student.z.embed,collapse_margin.min_std|raw|full,0.3094599611562273,0.10303074683584632,0.206429214320381
lejepa,h.pairs,student.z.embed,alignment|pairs,0.8056342665211783,0.09018069506724145,0.7154535714539368
lejepa,h.pairs,student.z.embed,cos_invariance|pairs,0.5971828667393724,0.9549096524663606,-0.35772678572698824
lejepa,z,student.z.proj.out,effective_rank|raw|full,15.914602402525881,15.884490738891488,0.030111663634393437
lejepa,z,student.z.proj.out,rankme|raw|full,15.978376765744308,15.970604139555808,0.0077726261884993875
lejepa,z,student.z.proj.out,participation_ratio|raw|full,15.830714810073252,15.772913821145673,0.057800988927578345
lejepa,z,student.z.proj.out,alpha|raw|full,0.1269394800999555,0.14627573745745986,-0.019336257357504355
lejepa,z,student.z.proj.out,kurt_topeig.worst|raw|full,5.91944264653022,2.0610266892968143,3.8584159572334054
lejepa,z,student.z.proj.out,kurt_topeig.mean|raw|full,1.0252226246125422,0.3800067739420324,0.6452158506705098
lejepa,z,student.z.proj.out,kurt_slices_mean_abs|raw|full,0.3425647038524703,0.33512813380961726,0.00743657004285303
lejepa,z,student.z.proj.out,epps_pulley|raw|full,193.8956298828125,152.2760009765625,41.61962890625
lejepa,z,student.z.proj.out,gauss_kl_full.total|raw|full,0.0033589669195661846,0.00466283337025764,-0.0013038664506914558
lejepa,z,student.z.proj.out,gauss_kl_full.location|raw|full,0.0003553812843143639,0.0004016499952376841,-4.6268710923320184e-05
lejepa,z,student.z.proj.out,gauss_kl_full.spectrum|raw|full,0.003003585635251821,0.004261183375019956,-0.0012575977397681353
lejepa,z,student.z.proj.out,uniformity|raw|full,-3.325636592158605,-3.3189983230889775,-0.006638269069627611
lejepa,z,student.z.proj.out,offdiag_redundancy.mean_abs_corr|raw|full,0.020857456933813658,0.023899221505227504,-0.0030417645714138457
lejepa,z,student.z.proj.out,variance_floor.min_over_mean_std|raw|full,0.9745222300601523,0.9449903273352444,0.02953190272490791
lejepa,z,student.z.proj.out,collapse_margin.min_std|raw|full,0.9570026511012634,0.9216656550415503,0.03533699605971308
mae,h,student.h.gap,effective_rank|raw|full,304.95515913035285,13.578283626210156,291.3768755041427
mae,h,student.h.gap,rankme|raw|full,332.00497127368135,103.02466930677889,228.98030196690246
mae,h,student.h.gap,participation_ratio|raw|full,293.2719140747464,5.394032152303959,287.87788192244244
mae,h,student.h.gap,alpha|raw|full,0.13863037521681076,1.9191492171063456,-1.7805188418895348
mae,h,student.h.gap,kurt_topeig.worst|raw|full,0.27978354779347825,2.4285118719951413,-2.148728324201663
mae,h,student.h.gap,kurt_topeig.mean|raw|full,0.032337761674026445,0.6849616031200183,-0.6526238414459918
mae,h,student.h.gap,kurt_slices_mean_abs|raw|full,0.018568600902814862,0.5901583098633556,-0.5715897089605407
mae,h,student.h.gap,epps_pulley|raw|full,10.846342086791992,537.9287719726562,-527.0824298858643
mae,h,student.h.gap,gauss_kl_full.total|raw|full,0.3600898254029883,3.234332923965014,-2.874243098562026
mae,h,student.h.gap,gauss_kl_full.location|raw|full,0.004900339667426346,0.013458272651986724,-0.008557932984560378
mae,h,student.h.gap,gauss_kl_full.spectrum|raw|full,0.3551894857355619,3.2208746513130273,-2.8656851655774656
mae,h,student.h.gap,uniformity|raw|full,-3.929760076836072,-1.3633321746311036,-2.5664279022049685
mae,h,student.h.gap,offdiag_redundancy.mean_abs_corr|raw|full,0.022183772323439443,0.1525371272129809,-0.13035335488954147
mae,h,student.h.gap,variance_floor.min_over_mean_std|raw|full,0.5913666217550769,0.31544108219720707,0.27592553955786986
mae,h,student.h.gap,collapse_margin.min_std|raw|full,0.5564296108335272,0.03195973744656898,0.5244698733869582
mae,h.pairs,student.h.gap,alignment|pairs,1.7575360769092618,0.5628437625215236,1.1946923143877384
mae,h.pairs,student.h.gap,cos_invariance|pairs,0.12123196154527723,0.7185781187390888,-0.5973461571938116
ijepa,h,teacher.h.gap,effective_rank|raw|full,247.07471504111598,54.398162946712894,192.6765520944031
ijepa,h,teacher.h.gap,rankme|raw|full,322.9692883747961,158.5507813362827,164.4185070385134
ijepa,h,teacher.h.gap,participation_ratio|raw|full,202.14415579970694,27.304812616181774,174.83934318352516
ijepa,h,teacher.h.gap,alpha|raw|full,0.4445331850391122,1.7927426160691804,-1.3482094310300683
ijepa,h,teacher.h.gap,kurt_topeig.worst|raw|full,0.35518821855523264,1.740113077226967,-1.3849248586717344
ijepa,h,teacher.h.gap,kurt_topeig.mean|raw|full,-0.1430618263537351,0.4648903493102319,-0.607952175663967
ijepa,h,teacher.h.gap,kurt_slices_mean_abs|raw|full,0.1000983448980961,0.3887927953023526,-0.2886944504042565
ijepa,h,teacher.h.gap,epps_pulley|raw|full,40.63037109375,267.8031005859375,-227.1727294921875
ijepa,h,teacher.h.gap,gauss_kl_full.total|raw|full,0.43838796874061203,2.8015345594394234,-2.363146590698811
ijepa,h,teacher.h.gap,gauss_kl_full.location|raw|full,0.004382594150958943,0.005871412737109731,-0.0014888185861507879
ijepa,h,teacher.h.gap,gauss_kl_full.spectrum|raw|full,0.4340053745896531,2.7956631467023136,-2.3616577721126606
ijepa,h,teacher.h.gap,uniformity|raw|full,-3.887202874630754,-2.490154410046873,-1.397048464583881
ijepa,h,teacher.h.gap,offdiag_redundancy.mean_abs_corr|raw|full,0.03901074572138691,0.09998795212451453,-0.06097720640312762
ijepa,h,teacher.h.gap,variance_floor.min_over_mean_std|raw|full,0.28686280873421377,0.3774515109323606,-0.09058870219814685
ijepa,h,teacher.h.gap,collapse_margin.min_std|raw|full,0.20731297721733966,0.05415695314988686,0.1531560240674528
ijepa,h.pairs,teacher.h.gap,alignment|pairs,1.6544529977966362,1.0888870004101692,0.5655659973864671
ijepa,h.pairs,teacher.h.gap,cos_invariance|pairs,0.17277350110157327,0.45555649979463897,-0.28278299869306567
