arm,d,range_mean,range_ci,var_mean,var_ci
vicreg ctrl,384,2.4437243370020116,0.0036644042142791452,2.401131558423874,0.00042207397149670055
vicreg +floor,384,2.37569509466735,0.001691827055075835,2.405496968607769,5.48609095499819e-05
simclr ctrl,384,2.425657000445881,0.0025670278869799118,2.4017418067116054,0.00015136464241419386
simclr +floor,384,2.377839470080214,0.004167827258384491,2.405444152041934,0.00014014478957660606
dino ctrl,384,2.42380094779766,0.0035227992715567927,2.404749385821769,9.896311896369708e-05
dino +floor,384,2.351280005709664,0.003231981288593508,2.4060268732725016,5.943819045516045e-05
lejepa ctrl,512,2.468109821808515,0.0074229831451360535,2.3794123862327594,0.0007319568373726138
lejepa +floor,512,2.34629962309301,0.003436470119299171,2.405165079426289,4.8366903505961546e-05
ours vm4,384,2.4119816842560873,0.004094052012066916,2.404390208682064,9.585842037190713e-05
gauss null,384,2.33086383227201,0.0,2.4061365575038223,0.0
