arm,run,space,"moment_kl_sliced(mean±sd,32draws)",moment_kl_sliced,diag_kl,feat_mean_norm2/d,feat_var_mean
e12gv,in100.vicreg.s0.e12gv.ext,student.h.gap,0.8932±0.0050,0.8932,0.8157,0.002,0.112
e12gvc(ctrl),in100.vicreg.s0.e12gvc.ext,student.h.gap,2.4584±0.0046,2.4584,1.9486,0.0657,0.0123
vicreg-lane(ref),in100.vicreg.s0.ext,student.h.gap,2.4788±0.0055,2.4788,1.9721,0.0568,0.0117
e12gd@floor-space,in100.dino.s0.e12gd.ext,student.h.cls,0.3264±0.0030,0.3264,0.3351,0.0188,0.3769
e12gd@audited-h,in100.dino.s0.e12gd.ext,teacher.h.cls,0.3373±0.0031,0.3373,0.3436,0.0197,0.3721
e12gdc(ctrl)@floor-space,in100.dino.s0.e12gdc.ext,student.h.cls,0.9326±0.0042,0.9326,0.6311,0.0294,0.1601
e12gdc(ctrl)@audited-h,in100.dino.s0.e12gdc.ext,teacher.h.cls,0.9559±0.0042,0.9559,0.647,0.0296,0.156
dino-lane(ref)@floor-space,in100.dino.s0.ext,student.h.cls,0.9430±0.0040,0.943,0.6394,0.0294,0.1578
dino-lane(ref)@audited-h,in100.dino.s0.ext,teacher.h.cls,0.9670±0.0041,0.967,0.6553,0.0296,0.1539
