run,station,lin_v2,knn200,rankme/d,effrank/d,gauss_kl_full,pos_cos,rand_cos,Ω,a(s→z.out),b(s→z.out),Λ(s→z.out)
e23cW32,L03,0.7240763902664185,0.6157961783439491,0.19155081906920202,0.07672640324859774,2.7771740610648,0.8847346901893616,0.8115337491035461,1.5832209034783558,0.867100107180337,2.5981426407601544,2.9963583434545695
e23cW32,L06,0.7834394574165344,0.7057324840764331,0.3412573911519025,0.11627524836606201,1.9335570277753786,0.7641199827194214,0.5226035714149475,0.9657812512376667,0.63797529744434,1.4930221169380906,2.340250669452212
e23cW32,L09,0.8247133493423462,0.7875159235668789,0.45080776524193444,0.17081406616312,1.459694047769263,0.681980311870575,0.2689138650894165,0.7496956718342305,0.5325859582323669,1.0981336677711928,2.061890011925695
e23cW32,cls,0.8387260437011719,0.8163057324840765,0.4995309906053314,0.1899871831881088,1.2481852277438104,0.6253385543823242,0.00011532620555954054,0.5724868749296197,0.48131161627865093,0.8672256280709787,1.801796588198084
e23cW32,tap1,0.8122292757034302,0.7951592356687898,0.8146544484205143,0.5627852050493485,0.4613108990640371,0.8992542028427124,0.37561169266700745,0.14496491769068132,4.351751000850919,3.9456493565532553,0.9066808638136106
e23cW32,tap2,0.8056050539016724,0.7946496815286624,0.8865021498241668,0.7149479161924307,0.38240331599637234,0.8759568929672241,0.28977927565574646,0.15610533440974844,2.6027317252485793,2.4488448511624576,0.9408748613645823
e23cW32,z.out,0.8081527948379517,0.7989808917197452,0.1268554443225028,0.11374888150217162,2.8980563407348905,0.7957429885864258,0.006243251729756594,0.1763412901534223,1.0,1.0,1.0
e23cW64,L03,0.7278980612754822,0.5926114649681529,0.21395598354559983,0.0829593756468055,2.6573290144030715,0.8947036862373352,0.8165384531021118,1.3542712039672742,0.8366470975284132,2.3119386102215236,2.7633378721462765
e23cW64,L06,0.8086623549461365,0.7337579617834394,0.43465862127945853,0.17066859365322537,1.589102410621487,0.7579939365386963,0.49559542536735535,0.9158382276761899,0.5800058956735379,1.3180229088282893,2.2724301919340344
e23cW64,L09,0.8420381546020508,0.82828025477707,0.5506011492093446,0.2431022210697029,1.1290199166001726,0.6656636595726013,0.1865609735250473,0.67664098080816,0.5209450775166592,1.0175417897652521,1.95326116644746
e23cW64,cls,0.8522292375564575,0.837452229299363,0.5282101698133447,0.22018228659320893,1.1590728597903066,0.709429919719696,-0.000680240336805582,0.3633881602234422,0.603181083541139,0.8634044184142291,1.4314182622329237
e23cW64,tap1,0.8394904136657715,0.8264968152866242,0.7895471907231699,0.4635081267508042,0.5234848355770821,0.9006905555725098,0.3241475820541382,0.13821214765156997,3.2366510998630478,2.8572626310443265,0.8827836374347627
e23cW64,tap2,0.8410190343856812,0.8247133757961783,0.8543918785385962,0.5872533128762593,0.4327370597748872,0.8927666544914246,0.28877097368240356,0.14308835904873696,2.050602963985288,1.8418951294428465,0.8982212362861196
e23cW64,z.out,0.8433120846748352,0.8290445859872612,0.24833259248686465,0.22892244670137252,2.4352843373053896,0.7967192530632019,0.0014443197287619114,0.17735264334405618,1.0,1.0,1.0
e23cW128,L03,0.7388534545898438,0.6012738853503184,0.21480418855661257,0.08709905771213099,2.6528966396471567,0.8985944390296936,0.8207288384437561,1.3038861113447757,0.8581741837270177,2.372777265146893,2.7649133592460355
e23cW128,L06,0.8135031461715698,0.7533757961783439,0.4729361512263543,0.19271162689800578,1.4482465836571183,0.750357985496521,0.46922770142555237,0.881406839239687,0.56700311017812,1.2889478498462839,2.2732641615340876
e23cW128,L09,0.8557961583137512,0.8356687898089172,0.6022268756436369,0.2860405475919652,0.9765425185211805,0.664636492729187,0.1642201691865921,0.6519506945801293,0.5065384738705038,0.9903335929931423,1.9551004397078044
e23cW128,cls,0.8578343391418457,0.8425477707006369,0.5828122966782296,0.26645790850503415,1.0062917154971986,0.7247380614280701,-0.000485085736727342,0.33374846237911376,0.611784815346199,0.8557955570297885,1.3988506016539621
e23cW128,tap1,0.8552865982055664,0.8349044585987261,0.7082594761762205,0.36742017572505925,0.7504657942523522,0.883202314376831,0.2483656108379364,0.14209084347318338,2.337152584552492,2.1332011554915495,0.9127350818217997
e23cW128,tap2,0.8519744873046875,0.8310828025477707,0.7344326053579399,0.41568081258662076,0.6769460286161172,0.8900179862976074,0.26879817247390747,0.13883547919883485,1.5938683144956267,1.438018145275691,0.9022189174585268
e23cW128,z.out,0.8509553670883179,0.834140127388535,0.4147066931457818,0.33373562946213964,1.7825536960552477,0.801889181137085,-3.733651465154253e-05,0.17055977152233825,1.0,1.0,1.0
e23cW256,L03,0.73452228307724,0.5951592356687898,0.2326299650985776,0.09602275595846803,2.5623221148038953,0.9008827805519104,0.8301395773887634,1.392348002293393,0.8585064446137767,2.492999973095262,2.9038803246454465
e23cW256,L06,0.8099362850189209,0.7490445859872611,0.4748541177468295,0.19479494322901947,1.4407808670681836,0.7559177875518799,0.4798230230808258,0.8785370741082208,0.5722485759057263,1.319986785248938,2.3066667892702557
e23cW256,L09,0.856560468673706,0.8369426751592357,0.604336652771111,0.281689283251177,0.9683542677682319,0.6664363145828247,0.16671200096607208,0.650366324028474,0.5073465502898913,1.0069051231609143,1.984649590276275
e23cW256,cls,0.8685349822044373,0.8473885350318471,0.6100482270172156,0.2821610332743967,0.9239549610068643,0.7163596153259277,-0.0005664360360242426,0.36165443633455896,0.5743852875358418,0.8500706501060563,1.4799659193098875
e23cW256,tap1,0.8616560101509094,0.8371974522292993,0.5952375957761915,0.23973690430761552,1.0757179948871727,0.8596397042274475,0.2012380212545395,0.1571552656054217,1.697553161613686,1.6561233042432502,0.9755943682311234
e23cW256,tap2,0.8588534593582153,0.8382165605095542,0.5657842439548487,0.2516387161319078,1.1015951102827297,0.8848225474357605,0.25717833638191223,0.14022509259848123,1.3180270322589593,1.2146244006692095,0.9215474121099559
e23cW256,z.out,0.8596177697181702,0.8384713375796178,0.5120909753670174,0.36419578202115926,1.406619997534609,0.8048520684242249,-0.0006992188282310963,0.1651164595051718,1.0,1.0,1.0
e23cW512,L03,0.7513375282287598,0.6073885350318471,0.24258602575560506,0.10323004178899471,2.521369326935898,0.8928710222244263,0.817374050617218,1.4309061794088342,0.8139142425022443,2.426629585235825,2.9814315299060925
e23cW512,L06,0.8160508871078491,0.7559235668789809,0.46826584602234617,0.1906338120589062,1.4641556178289923,0.7509275674819946,0.4622427523136139,0.8594142302506775,0.5551739719523969,1.2827724607286142,2.3105774505556336
e23cW512,L09,0.8611464500427246,0.8351592356687898,0.5969495309211028,0.27378056254865074,0.9879019456529882,0.6647849678993225,0.1650465875864029,0.6575000397438324,0.49698215921611344,1.00440288321365,2.0210039024295923
e23cW512,cls,0.8708279728889465,0.8501910828025477,0.6219020792052701,0.28614417485132815,0.8871419934728756,0.7075363397598267,-9.047557978192344e-05,0.3886104909722014,0.5462383929652969,0.8487088727399058,1.553733468152293
e23cW512,tap1,0.866496741771698,0.8433121019108281,0.5186408104899259,0.1440138339828975,1.31954760029623,0.8440074324607849,0.19227056205272675,0.17527519523008225,1.2355257930337027,1.2892326822096896,1.0434688530816627
e23cW512,tap2,0.8634394407272339,0.8389808917197452,0.4600324454157588,0.14703972019923503,1.4315622326863746,0.8784387707710266,0.24322094023227692,0.14240493975779495,1.1273812978219413,1.0603582351441154,0.9405497831059358
e23cW512,z.out,0.8611464500427246,0.8415286624203822,0.5478125425358741,0.3889778712883581,1.2841643428242695,0.8096539378166199,-0.00037297562812455,0.16097612881787976,1.0,1.0,1.0
e23cK0,L03,0.7617834210395813,0.6440764331210191,0.32557538658781543,0.11937885585185491,2.0947997447708357,0.8222005367279053,0.6854170560836792,1.3067137126942465,0.8945194389623863,2.5071309933248562,2.8027685974416023
e23cK0,L06,0.8428025245666504,0.8132484076433121,0.5975214274971264,0.2714191988590284,1.0428031007330434,0.6715685725212097,0.2760592997074127,0.8295058529734766,0.6492934518519697,1.4499324480246707,2.2330926700231624
e23cK0,L09,0.8529936075210571,0.834140127388535,0.6838915452357051,0.3786195489115674,0.7721171332332755,0.6788386106491089,0.0962182953953743,0.5477978533761277,0.6550353856171122,1.1886991257649087,1.814709787998749
e23cK0,cls,0.850191056728363,0.8155414012738853,0.5080355745594962,0.23610070386510326,1.2988890705455431,0.8158948421478271,-0.002439164789393544,0.2171323909514433,0.8876342212924455,1.0141293768743824,1.1425082005037535
e23cK0,z.out,0.8364330530166626,0.8211464968152866,0.42075460594013914,0.37145413490464124,1.8429998091760569,0.8138423562049866,-0.0016401764005422592,0.1663435488566058,1.0,1.0,1.0
e23cK1,L03,0.7487897872924805,0.6073885350318471,0.24069010684663703,0.0999313169806777,2.5255282680764384,0.9040557742118835,0.8335503935813904,1.3648126308750883,0.8050948358377884,2.440083357673133,3.0308023962592707
e23cK1,L06,0.8224203586578369,0.7722292993630573,0.5126123914190021,0.21833444566232296,1.3175839958759457,0.7412574887275696,0.43124625086784363,0.8253590830677904,0.5102637241523926,1.2026444940810175,2.356907687448779
e23cK1,L09,0.8611464500427246,0.8392356687898089,0.6442670200310191,0.3272019074731425,0.8585997670118315,0.6619101762771606,0.1434667855501175,0.6338983745751222,0.4700979193911375,0.9710000528173981,2.0655272290398994
e23cK1,cls,0.8667515516281128,0.8389808917197452,0.6259736514401649,0.3027613171675901,0.8812389709385966,0.7479426264762878,-0.0012240142095834017,0.30805519577422963,0.5851466031930015,0.8425584970904166,1.4399100883313372
e23cK1,tap1,0.8616560101509094,0.8361783439490446,0.3815376971858032,0.05427909826954863,2.004034617427315,0.8397216796875,0.16300101578235626,0.16494817190765484,0.8478910647015961,0.8933773084910379,1.0536463299155654
e23cK1,z.out,0.8557961583137512,0.834140127388535,0.5825923919806053,0.42681284349272797,1.1828250039159154,0.8218435049057007,-0.0007507274276576936,0.1485791225327864,1.0,1.0,1.0
e23cK3,L03,0.7324840426445007,0.5816560509554141,0.18271349033317996,0.08844486088819863,2.875773840000958,0.925155758857727,0.8762444853782654,1.5557853396192485,1.006199238013695,3.128991742443176,3.109713885909928
e23cK3,L06,0.8099362850189209,0.7215286624203822,0.38299747367295023,0.15368357630059054,1.8025703249168326,0.7999275326728821,0.5772950649261475,0.9056198406303018,0.6311807097510989,1.4975187793373537,2.3725674061361737
e23cK3,L09,0.8583438992500305,0.8259872611464968,0.5021249948138823,0.20670891291060603,1.2762293985952993,0.6755213737487793,0.21576131880283356,0.7001012751102613,0.508258762971146,1.0602564056651154,2.086056321915902
e23cK3,cls,0.8782165050506592,0.8598726114649682,0.5553092369534872,0.2302395786756389,1.0689789745531562,0.6527915596961975,0.0009679071372374892,0.5228024962921096,0.4846478421770542,0.873656485674995,1.8026624894284085
e23cK3,tap1,0.8766878247261047,0.855031847133758,0.5045223054367847,0.0635772122294907,1.514444621755484,0.7688142657279968,0.23465758562088013,0.388781788902969,0.5161030218607277,0.8022966048392585,1.5545280125404133
e23cK3,tap2,0.8738852739334106,0.8555414012738853,0.47521122343637434,0.05957734099361148,1.6184492910185413,0.8103199601173401,0.21130286157131195,0.24368112437039463,0.6557901948104808,0.8070890579179026,1.2307122983916317
e23cK3,tap3,0.8685349822044373,0.8514649681528662,0.38363658042719734,0.05418215385260207,2.03202821754731,0.851830780506134,0.19847019016742706,0.16496157183272858,0.9250310610391536,0.9366844370007097,1.0125978212542022
e23cK3,z.out,0.8654776811599731,0.8519745222929936,0.5843152971624972,0.42570683544418414,1.1761106355389863,0.8116534948348999,-0.0004340931191109121,0.16088250097874723,1.0,1.0,1.0
e23cK4,L03,0.7385987043380737,0.6081528662420382,0.16415330218088273,0.08852348924891014,3.0326978848039294,0.9299189448356628,0.8828567266464233,1.504473654940366,1.1191916518907925,3.2600977474089703,2.9129039176634968
e23cK4,L06,0.8053503036499023,0.6904458598726114,0.31301245656660315,0.13138448917248496,2.1428775809344223,0.8496276140213013,0.6864756345748901,0.9283700090399757,0.7832687569709631,1.7922773684447233,2.288202296457952
e23cK4,L09,0.8448407053947449,0.7926114649681528,0.4214263070180433,0.1689639760159988,1.5846672620834492,0.7126319408416748,0.33587124943733215,0.7613746577226562,0.5680114054732432,1.1770370431675565,2.072206705403915
e23cK4,cls,0.8675158619880676,0.8468789808917198,0.48898875842797934,0.18408397837925608,1.2720492054407582,0.6161243915557861,0.001432373421266675,0.6158710673187654,0.47733654017667004,0.8896177674088841,1.8637118521863467
e23cK4,tap1,0.8746496438980103,0.8453503184713376,0.4960723816005178,0.059029077362229856,1.5420071995436835,0.7421771287918091,0.2649964690208435,0.5182288946905815,0.4679876323347329,0.8000719675007989,1.7096006651059088
e23cK4,tap2,0.8698088526725769,0.8478980891719745,0.4780196644323782,0.055511141565103346,1.605580411192687,0.7793839573860168,0.2528406083583832,0.3710902134433876,0.5617377349116548,0.8126568778624628,1.4466837945118112
e23cK4,tap3,0.865987241268158,0.8522292993630574,0.4572046731579017,0.05570744252311475,1.638939620050799,0.8101839423179626,0.22782999277114868,0.2549078966396882,0.6406412503963375,0.7681400509454532,1.199017469559192
e23cK4,tap4,0.866496741771698,0.8471337579617835,0.3892250434889091,0.05511872354359539,2.0287268418345246,0.8442149758338928,0.2071177363395691,0.18296370260146563,0.9363237132961979,0.9511354281977584,1.0158190107664986
e23cK4,z.out,0.8629298806190491,0.8438216560509554,0.5857438603984795,0.42308655649542404,1.1676583871962032,0.7988172769546509,-0.0003348187601659447,0.17730960727697473,1.0,1.0,1.0
e23cK6,L03,0.7179617285728455,0.5923566878980892,0.10924931423945859,0.07119586108162315,3.453497743048691,0.9593298435211182,0.9323300719261169,1.5080525256559296,1.5644846553280147,4.302578602177785,2.750157112455471
e23cK6,L06,0.8033120632171631,0.6771974522292994,0.2310303629387085,0.10819727273667097,2.592879399380202,0.9075973033905029,0.8059262037277222,0.9176213342992988,1.0661921526234595,2.2872651020579546,2.1452653693144694
e23cK6,L09,0.8374521732330322,0.784968152866242,0.3422169199198685,0.13198959791954237,1.9128767549597834,0.7454901337623596,0.41188016533851624,0.7617064373486795,0.6372584079088458,1.2455428073679427,1.9545333445739432
e23cK6,cls,0.8596177697181702,0.8356687898089172,0.409539145197411,0.14163679364923154,1.5405836434946512,0.6014362573623657,0.0030697316396981478,0.6572802901634666,0.4886793069850228,0.887255142029362,1.8156184011625334
e23cK6,tap1,0.8682802319526672,0.8338853503184713,0.4630204943835878,0.04833764411611812,1.6339340788415566,0.7353217601776123,0.2927636206150055,0.5737503216610715,0.45332881789795687,0.7689959805927911,1.696331559415422
e23cK6,tap2,0.8670063018798828,0.8338853503184713,0.4122407991291074,0.036840015684181555,1.7862165354752384,0.7827108502388,0.3001497983932495,0.42718851623145365,0.5110316789544038,0.7480090953231845,1.4637235344267663
e23cK6,tap3,0.8680254220962524,0.8402547770700637,0.3770974289207646,0.033223673974798626,1.8818357249809792,0.8130000829696655,0.3027041256427765,0.3362487959256645,0.5636668028272949,0.7319848587663229,1.2986126823413442
e23cK6,tap4,0.8619107604026794,0.8448407643312101,0.36392438429276214,0.034645804951039784,1.89519328898728,0.8271582126617432,0.2819061875343323,0.27020499639123985,0.6058401288711658,0.7052677007579944,1.1641151966478145
e23cK6,tap5,0.8629298806190491,0.8420382165605096,0.356940602992419,0.03872053619809788,1.8991918459607529,0.8321497440338135,0.2563059329986572,0.22572798063209235,0.6427199895957374,0.6838546062245061,1.0640008359700184
e23cK6,tap6,0.8649681210517883,0.8422929936305732,0.3548739139350162,0.04958006283914551,2.158890209197476,0.8445397019386292,0.23014196753501892,0.19626415391615623,0.9653275666474953,0.9577330457007823,0.9921327006405835
e23cK6,z.out,0.860127329826355,0.8443312101910828,0.5773584310276328,0.409148474096183,1.193337981024321,0.7820994257926941,-2.531633072067052e-06,0.19938912064863176,1.0,1.0,1.0
e23cW64h0,L03,0.7370700240135193,0.6030573248407644,0.22650228462954872,0.0917678699926577,2.6108333324572186,0.8914264440536499,0.8154000043869019,1.4364159175959372,1.1093904827301595,3.1334007786531703,2.824434522767866
e23cW64h0,L06,0.8173248171806335,0.7454777070063694,0.4300960835370817,0.16058535879783742,1.611780308544474,0.7813873887062073,0.5260511636734009,0.861912296399493,0.7710501134674261,1.686962972768694,2.187877212263664
e23cW64h0,L09,0.8512101173400879,0.8147770700636943,0.5062754482809282,0.2069122627820427,1.3096599141476513,0.7714634537696838,0.3757582902908325,0.579927570422635,0.7469744128085153,1.340553065911856,1.794643889971507
e23cW64h0,cls,0.8580891489982605,0.8173248407643312,0.3711517797992145,0.13607589122350183,1.7887662445785042,0.9051035046577454,0.49022844433784485,0.22951576759374553,1.1574924242072369,1.3068201648205349,1.12900969154556
e23cW64h0,tap1,0.8453502655029297,0.8173248407643312,0.7752753720806393,0.4447098339384168,0.5627969621642038,0.904119074344635,0.3430726230144501,0.1369049590721746,3.365160819405411,2.9343155850033558,0.871968902075182
e23cW64h0,tap2,0.8399999737739563,0.821656050955414,0.8568058703348572,0.5647491934430245,0.4160292755750784,0.8897846937179565,0.27126604318618774,0.14427565185854208,2.071790750601578,1.8545298119296538,0.89513374426986
e23cW64h0,z.out,0.8397451639175415,0.8236942675159236,0.24820219580734676,0.22860023741327362,2.436084141343757,0.7915703654289246,0.0010613842168822885,0.18005997550100877,1.0,1.0,1.0
e23cK6h0,L03,0.7031846642494202,0.5752866242038217,0.03302519894157003,0.06143709034680934,4.54689889376675,0.9927375912666321,0.9880818128585815,1.571745013040717,4.169605710539443,11.267246081808121,2.7022329841231967
e23cK6h0,L06,0.7862420082092285,0.670828025477707,0.07260482131982132,0.08259923230417439,3.8454381467575445,0.9876230359077454,0.9735530614852905,0.8868506383493879,3.1918557987675626,6.478884672679943,2.02981747332745
e23cK6h0,L09,0.82904452085495,0.7521019108280255,0.09603657879475959,0.08665294179923932,3.583371993833018,0.983345627784729,0.9573573470115662,0.6457288065489708,2.7532035457930157,4.768646682864246,1.732035646311328
e23cK6h0,cls,0.8443311452865601,0.7793630573248408,0.10594269437198371,0.08932809459311085,3.487273855424326,0.9805098176002502,0.9473633766174316,0.5940450036082147,2.5451528439293245,4.228197714307119,1.6612745770424662
e23cK6h0,tap1,0.8614012002944946,0.8226751592356688,0.42382948158291905,0.03884843003632616,1.8003013281840676,0.7255594730377197,0.3011142313480377,0.6240796722507082,0.46556826719601907,0.7927479636290767,1.7027534294885793
e23cK6h0,tap2,0.8621655702590942,0.8239490445859873,0.41597959617101704,0.03745000896769439,1.8184297584569258,0.762976348400116,0.31209051609039307,0.5231495162481902,0.5127864587727037,0.7994314092593411,1.558994773716704
e23cK6h0,tap3,0.8642037510871887,0.8328662420382166,0.39750785928657545,0.035333070183051235,1.8423218809405875,0.7904490232467651,0.3064731955528259,0.4147069483046954,0.5523544536578635,0.766690816571526,1.3880413410161905
e23cK6h0,tap4,0.8611464500427246,0.8392356687898089,0.39255399297548793,0.03808818562602932,1.8235160443626268,0.8068958520889282,0.283112108707428,0.32904411944160056,0.5949551494859114,0.735602234639106,1.2363994752793128
e23cK6h0,tap5,0.8608916997909546,0.8361783439490446,0.38196542389557386,0.04118692697194962,1.8291927537352322,0.8161340951919556,0.2526705861091614,0.25907745953358385,0.640397880081649,0.7025810725100251,1.0971008717587383
e23cK6h0,tap6,0.8573247790336609,0.836687898089172,0.3719055370086827,0.05101489096470825,2.104045301776372,0.834027111530304,0.2268117517232895,0.2153023105858848,0.9592969241940328,0.9594208285547104,1.0001291616365617
e23cK6h0,z.out,0.856560468673706,0.8351592356687898,0.5809255800283404,0.4079195116054873,1.177889903531235,0.771306574344635,-0.00037052351399324834,0.21524670376193764,1.0,1.0,1.0
e24vc,L03,0.7429298758506775,0.6048407643312101,0.22012973420053036,0.09360240600354373,2.6269349003707543,0.8973448276519775,0.8254736661911011,1.4476000874876138,0.8538612557019107,2.628137486559046,3.077944418966058
e24vc,L06,0.8211464285850525,0.750828025477707,0.44804841726055783,0.18188788190426566,1.5370533561601745,0.7667846083641052,0.5017778277397156,0.8819166074233731,0.5798014383295815,1.3929307364387409,2.4024271834367976
e24vc,L09,0.8568152189254761,0.8313375796178344,0.565818006410756,0.25048777057155464,1.0796999800150742,0.6804624199867249,0.20279522240161896,0.6615057676450932,0.5003627169766404,1.0410898980976055,2.0806704072362154
e24vc,cls,0.8743948340415955,0.8624203821656051,0.6079682520702403,0.2721771746536682,0.9214837956225961,0.6910657286643982,-7.18839219189249e-05,0.4342289346931869,0.5073944988901355,0.8553455626939732,1.685760418303586
e24vc,tap1,0.8799999356269836,0.8596178343949045,0.4625980422757183,0.05620158765965836,1.6268430380844279,0.8052183389663696,0.19104431569576263,0.2423062450227081,0.6139220704970044,0.7730935022260039,1.2592697662752883
e24vc,tap2,0.8751592040061951,0.8517197452229299,0.3693045311051459,0.05081862074218931,2.066664163960068,0.8561364412307739,0.19222651422023773,0.15377637541270067,0.9144142560530029,0.9173272000124906,1.003185584586204
e24vc,z.out,0.8700636625289917,0.8527388535031847,0.5819738398162988,0.42464938377950423,1.1863269132529577,0.8181113004684448,-6.438958371290937e-05,0.1528013018490143,1.0,1.0,1.0
e24v4oas,L03,0.7368152737617493,0.6028025477707006,0.20462350165239587,0.09372072160534343,2.7246492345006925,0.9107832908630371,0.852218747138977,1.5283855887520232,0.8584410912985138,2.770674412609795,3.2275649904162407
e24v4oas,L06,0.8140127062797546,0.7401273885350318,0.41950354935040357,0.16866288407201482,1.650641960127329,0.7833208441734314,0.5391132235527039,0.8887745571916447,0.5673818043733813,1.3964639857218462,2.461242103567468
e24v4oas,L09,0.8535031676292419,0.8313375796178344,0.5422451160012738,0.2283269871533208,1.1491910197575623,0.6827135682106018,0.2081025391817093,0.6599645813316587,0.4790562486289668,1.0160272422203056,2.1208934130973573
e24v4oas,cls,0.8731209635734558,0.8593630573248408,0.5888660882444604,0.24957198296343094,0.9712586482993034,0.683656632900238,0.0009265108383260667,0.4465897720505164,0.4809585000207881,0.8391131356659022,1.7446684810220296
e24v4oas,tap1,0.8777069449424744,0.8532484076433121,0.453374153490504,0.050827830345211156,1.654807810803896,0.8028337359428406,0.20118023455142975,0.24747432161430277,0.5611176513300592,0.7287482601408053,1.2987441375501174
e24v4oas,tap2,0.8690445423126221,0.8517197452229299,0.3747581279401388,0.04907445080646957,2.1466220515886065,0.8508782386779785,0.2001902312040329,0.15834347858226525,0.944200808366645,0.9808960545175709,1.0388638156478645
e24v4oas,z.out,0.8647133111953735,0.8524840764331211,0.5686720927784136,0.3846101921882477,1.2130444723386222,0.8188121318817139,0.0003425949835218489,0.14671784588110795,1.0,1.0,1.0
e24vb,L03,0.740891695022583,0.5969426751592357,0.19128910549717423,0.08953733329197085,2.813030998054015,0.927997887134552,0.8767911791801453,1.4079313696522053,0.885446360572573,2.8010044841312025,3.1633813281698235
e24vb,L06,0.8076432943344116,0.7449681528662421,0.41408535879865244,0.16529798632447254,1.678251329207907,0.7971445918083191,0.557906448841095,0.8503620071694035,0.5416016761762121,1.3315047746122557,2.458457632577647
e24vb,L09,0.8583438992500305,0.8384713375796178,0.5484389081694258,0.23846860040426554,1.1397279435631762,0.6895720958709717,0.2251214236021042,0.6598835317320696,0.45054770855388443,0.9757425285057256,2.1656808146634465
e24vb,cls,0.8695541024208069,0.8519745222929936,0.6059941762989037,0.2688746676318428,0.9269726556535259,0.6790251731872559,0.0009967697551473975,0.4608362905077524,0.4437984804771722,0.8031930671340158,1.809814820164374
e24vb,tap1,0.8708279728889465,0.849171974522293,0.4606546972858563,0.05300325637396797,1.6215492917518368,0.8026582598686218,0.2032984495162964,0.2501534685079869,0.5310522518671387,0.7081109715012363,1.333411107874174
e24vb,tap2,0.8667515516281128,0.846624203821656,0.37671032991677983,0.04936824173241049,2.1675189765651925,0.8506174683570862,0.19780682027339935,0.1555878470557745,0.9444102331005844,0.9931373702134946,1.0515953082729044
e24vb,z.out,0.8649681210517883,0.845859872611465,0.5674057744075034,0.3744436245488336,1.213836486932808,0.8235788345336914,0.001055896282196045,0.14069491183377925,1.0,1.0,1.0
e24vh0,L03,0.7393630146980286,0.5862420382165605,0.19445357192230442,0.08904460723673269,2.793769078831806,0.9156938791275024,0.8569540977478027,1.4410440080474864,1.0077673703154095,3.157735925698079,3.133397665683277
e24vh0,L06,0.8142674565315247,0.7189808917197452,0.382316877453115,0.15209444150622786,1.8229074702763997,0.8274508714675903,0.6258959770202637,0.862244948365744,0.7121194074280845,1.7260169038365087,2.423774560603891
e24vh0,L09,0.8575795888900757,0.8140127388535032,0.4729587886901425,0.18388532396731094,1.4194399449098758,0.7754283547401428,0.3997741639614105,0.6027480183960994,0.6352183495189148,1.2872645940996177,2.026491512838905
e24vh0,cls,0.8756687641143799,0.8346496815286624,0.45010021363010866,0.17137359392654294,1.4978855419440888,0.8581123352050781,0.4529849588871002,0.352741023998718,0.801862351459836,1.2430960958231887,1.550261205754406
e24vh0,tap1,0.878471314907074,0.8560509554140128,0.42202286606164,0.042762898996713976,1.788482360011513,0.813541829586029,0.21218253672122955,0.23265859226411448,0.5793913012408158,0.729471639786837,1.25903105245904
e24vh0,tap2,0.8736305236816406,0.8545222929936306,0.381100639558289,0.049712019809999335,2.183440553350706,0.8486592173576355,0.20539577305316925,0.16731043142412863,0.9558777457199185,1.0205651963886173,1.067673351491178
e24vh0,z.out,0.8695541024208069,0.8568152866242038,0.5637726375604634,0.3617435431640028,1.219274871866755,0.8184261918067932,0.00039764310349710286,0.14677301407759863,1.0,1.0,1.0
