label,ckpt,ep,aug,V,zb,hb,q,batch,qfill,g_inv,g_moment_kl,g_h_moment_kl,s_inv,s_moment_kl,s_h_moment_kl,cos_inv_moment_kl,cos_inv_h_moment_kl,cos_moment_kl_h_moment_kl,wg_total,loss_inv,loss_moment_kl,loss_h_moment_kl,slurm_job
toy_Llr,toy.floorssl.s0.e23Llr_ep38.pt,37,lejepa,4,pooled,pooled,0,0,0,0.319134,0.161024,0.589483,0.5096,0.4631,0.0273,-0.3357,0.098,0.3002,13.8389,0.520033,0.278447,0.488705,63013112
toy_Llr,toy.floorssl.s0.e23Llr_ep38.pt,37,lejepa,4,pooled,pooled,0,1,0,0.251985,0.109674,0.601403,0.5397,0.423,0.0373,-0.2121,0.0974,0.3144,10.3188,0.55848,0.271219,0.483826,63013112
toy_Llr,toy.floorssl.s0.e23Llr_ep38.pt,37,lejepa,4,pooled,pooled,0,2,0,0.270976,0.126235,0.556145,0.5268,0.4419,0.0313,-0.297,-0.0037,0.2177,11.3687,0.529882,0.282413,0.487148,63013112
toy_Llr,toy.floorssl.s0.e23Llr_ep38.pt,37,lejepa,4,pooled,pooled,0,3,0,0.273319,0.106654,0.543188,0.5681,0.3992,0.0327,-0.3907,0.0755,0.1183,10.6328,0.53072,0.280192,0.481062,63013112
toy_Llr,toy.floorssl.s0.e23Llr_ep38.pt,37,lejepa,4,pooled,pooled,0,4,0,0.326776,0.125191,0.543497,0.5753,0.397,0.0277,-0.6849,0.0399,0.1623,12.5522,0.544336,0.276345,0.474584,63013112
toy_Llr,toy.floorssl.s0.e23Llr_ep38.pt,37,lejepa,4,pooled,pooled,0,5,0,0.328117,0.119204,0.628136,0.5849,0.3827,0.0324,-0.1981,0.3446,0.1538,12.3977,0.541862,0.280038,0.484815,63013112
toy_s0ac,toy.floorssl.s0.e24s0ac_ep38.pt,37,lejepa,4,pooled,pooled,0,0,0,0.068339,0.256726,1.172957,0.6255,0.3745,0.0,-0.6085,-0.0375,0.3498,5.2019,0.071639,1.04088,1.921185,63013112
toy_s0ac,toy.floorssl.s0.e24s0ac_ep38.pt,37,lejepa,4,pooled,pooled,0,1,0,0.05482,0.251786,1.058555,0.5774,0.4226,0.0,-0.7176,-0.1784,0.2247,4.5207,0.08058,1.017285,1.838723,63013112
toy_s0ac,toy.floorssl.s0.e24s0ac_ep38.pt,37,lejepa,4,pooled,pooled,0,2,0,0.071067,0.249076,1.127563,0.6416,0.3584,0.0,-0.816,-0.0708,0.1343,5.2738,0.073127,1.033447,1.866189,63013112
toy_s0ac,toy.floorssl.s0.e24s0ac_ep38.pt,37,lejepa,4,pooled,pooled,0,3,0,0.062852,0.246816,1.095574,0.6151,0.3849,0.0,-0.77,0.0085,0.2289,4.8655,0.070867,1.048226,1.797881,63013112
toy_s0ac,toy.floorssl.s0.e24s0ac_ep38.pt,37,lejepa,4,pooled,pooled,0,4,0,0.055241,0.297201,1.225217,0.5384,0.4616,0.0,-0.7839,-0.148,0.2954,4.8854,0.075915,1.026306,1.865472,63013112
toy_s0ac,toy.floorssl.s0.e24s0ac_ep38.pt,37,lejepa,4,pooled,pooled,0,5,0,0.069203,0.261233,1.117194,0.6244,0.3756,0.0,-0.7279,-0.0639,0.2209,5.2773,0.076762,1.015575,1.844743,63013112
toy_v1,toy.floorssl.s0.e24v1_last.pt,20,lejepa,4,view_mean,view_mean,3,0,0,0.244889,0.578113,0.886295,0.0616,0.9186,0.0198,-0.0343,-0.261,0.0037,87.8538,0.521354,1.368966,2.547683,63013112
toy_v1,toy.floorssl.s0.e24v1_last.pt,20,lejepa,4,view_mean,view_mean,3,1,1,0.312965,0.178578,0.717431,0.208,0.7497,0.0423,-0.5293,-0.0793,0.0858,33.2521,0.59577,1.031779,2.28067,63013112
toy_v1,toy.floorssl.s0.e24v1_last.pt,20,lejepa,4,view_mean,view_mean,3,2,2,0.363061,0.128016,0.45642,0.2995,0.6671,0.0334,-0.3712,-0.0896,0.0539,26.7893,0.632205,0.951517,2.245551,63013112
toy_v1,toy.floorssl.s0.e24v1_last.pt,20,lejepa,4,view_mean,view_mean,3,3,3,0.383571,0.085459,0.410625,0.3996,0.5624,0.0379,-0.6579,0.0019,-0.0227,21.2119,0.556742,0.926935,2.271281,63013112
toy_v1,toy.floorssl.s0.e24v1_last.pt,20,lejepa,4,view_mean,view_mean,3,4,3,0.275782,0.074317,0.37095,0.3544,0.6033,0.0423,-0.2728,-0.1323,0.0823,17.1965,0.555296,0.930717,2.257593,63013112
toy_v1,toy.floorssl.s0.e24v1_last.pt,20,lejepa,4,view_mean,view_mean,3,5,3,0.242102,0.059714,0.35095,0.3722,0.5799,0.0479,-0.3811,-0.1303,0.126,14.3744,0.508203,0.929783,2.147135,63013112
in100_d256,in100.floorssl.s0.d256_ep25.pt,24,lejepa,4,pooled,pooled,0,0,0,0.194721,0.127916,0.143465,0.5222,0.4706,0.0072,-0.8336,-0.292,0.2996,12.2316,0.343236,0.280629,0.317449,63013112
in100_d256,in100.floorssl.s0.d256_ep25.pt,24,lejepa,4,pooled,pooled,0,1,0,0.193456,0.098159,0.154861,0.5844,0.4068,0.0088,-0.8821,-0.4198,0.4373,10.858,0.356197,0.277299,0.316437,63013112
in100_d256,in100.floorssl.s0.d256_ep25.pt,24,lejepa,4,pooled,pooled,0,2,0,0.127778,0.105351,0.158764,0.4641,0.525,0.0108,-0.8331,-0.1731,0.2435,9.0299,0.349848,0.27403,0.324136,63013112
in100_d256,in100.floorssl.s0.d256_ep25.pt,24,lejepa,4,pooled,pooled,0,3,0,0.128337,0.074812,0.149709,0.5489,0.439,0.012,-0.7571,-0.0462,0.1402,7.6684,0.369005,0.259394,0.308887,63013112
in100_d256,in100.floorssl.s0.d256_ep25.pt,24,lejepa,4,pooled,pooled,0,4,0,0.115997,0.070947,0.161738,0.5361,0.4498,0.0141,-0.6331,-0.2237,0.1687,7.0971,0.34436,0.271382,0.32314,63013112
in100_d256,in100.floorssl.s0.d256_ep25.pt,24,lejepa,4,pooled,pooled,0,5,0,0.117038,0.070606,0.145064,0.5403,0.4471,0.0126,-0.6381,-0.0409,0.1183,7.1056,0.346843,0.281878,0.327333,63013112
in100_vm2,in100.floorssl.s0.d256vm2_ep25.pt,24,lejepa,4,view_mean,pooled,0,0,0,0.180523,0.129967,0.198293,0.5347,0.4542,0.011,-0.0658,-0.0422,0.2986,11.0732,0.296056,0.285658,0.44332,63013112
in100_vm2,in100.floorssl.s0.d256vm2_ep25.pt,24,lejepa,4,view_mean,pooled,0,1,0,0.196719,0.131642,0.191486,0.5531,0.4367,0.0101,-0.0583,-0.08,0.2757,11.6651,0.287651,0.286088,0.441485,63013112
in100_vm2,in100.floorssl.s0.d256vm2_ep25.pt,24,lejepa,4,view_mean,pooled,0,2,0,0.177161,0.12839,0.177914,0.5336,0.4563,0.0101,0.1115,-0.1139,0.2465,10.8894,0.28906,0.254004,0.439306,63013112
in100_vm2,in100.floorssl.s0.d256vm2_ep25.pt,24,lejepa,4,view_mean,pooled,0,3,0,0.177561,0.109069,0.190368,0.5731,0.4153,0.0116,-0.1074,-0.0717,0.2332,10.1624,0.280962,0.276961,0.43195,63013112
in100_vm2,in100.floorssl.s0.d256vm2_ep25.pt,24,lejepa,4,view_mean,pooled,0,4,0,0.200612,0.121558,0.1766,0.5775,0.4129,0.0096,0.0437,0.0533,0.2666,11.3933,0.29851,0.273358,0.444048,63013112
in100_vm2,in100.floorssl.s0.d256vm2_ep25.pt,24,lejepa,4,view_mean,pooled,0,5,0,0.192851,0.127628,0.182502,0.556,0.4341,0.0099,0.0332,-0.2355,0.1737,11.3773,0.264903,0.280744,0.444995,63013112
in100_vm3,in100.floorssl.s0.d256vm3_ep25.pt,24,lejepa,4,view_mean,view_mean,0,0,0,0.175178,0.139522,0.282231,0.5111,0.4803,0.0085,-0.0031,0.0365,0.5545,11.241,0.301114,0.27606,0.391285,63013112
in100_vm3,in100.floorssl.s0.d256vm3_ep25.pt,24,lejepa,4,view_mean,view_mean,0,1,0,0.172628,0.163924,0.243242,0.4684,0.5248,0.0068,0.2144,0.0489,0.5302,12.0885,0.287165,0.27205,0.381282,63013112
in100_vm3,in100.floorssl.s0.d256vm3_ep25.pt,24,lejepa,4,view_mean,view_mean,0,2,0,0.140164,0.158581,0.38456,0.4231,0.5649,0.012,-0.0569,-0.0852,0.6832,10.8648,0.277495,0.276829,0.39376,63013112
in100_vm3,in100.floorssl.s0.d256vm3_ep25.pt,24,lejepa,4,view_mean,view_mean,0,3,0,0.16394,0.150783,0.303364,0.4752,0.5157,0.0091,0.1938,0.1824,0.6739,11.3154,0.286794,0.26081,0.394796,63013112
in100_vm3,in100.floorssl.s0.d256vm3_ep25.pt,24,lejepa,4,view_mean,view_mean,0,4,0,0.126931,0.12835,0.285514,0.4512,0.5383,0.0105,-0.166,-0.1404,0.6233,9.2273,0.279594,0.242099,0.402142,63013112
in100_vm3,in100.floorssl.s0.d256vm3_ep25.pt,24,lejepa,4,view_mean,view_mean,0,5,0,0.152599,0.132401,0.360545,0.4883,0.4998,0.0119,0.1057,0.1646,0.6701,10.2514,0.27116,0.275433,0.414477,63013112
in100_vm4,in100.floorssl.s0.d256vm4_ep25.pt,24,lejepa,4,view_mean,view_mean,3,0,0,0.190615,0.294214,0.332673,0.1173,0.8709,0.0118,-0.2511,-0.0731,0.1371,53.3092,0.321043,0.774618,0.970763,63013112
in100_vm4,in100.floorssl.s0.d256vm4_ep25.pt,24,lejepa,4,view_mean,view_mean,3,1,1,0.238564,0.072277,0.114583,0.4024,0.5865,0.0112,-0.2003,-0.0161,0.2458,19.4473,0.318607,0.373542,0.605727,63013112
in100_vm4,in100.floorssl.s0.d256vm4_ep25.pt,24,lejepa,4,view_mean,view_mean,3,2,2,0.197773,0.048268,0.08186,0.4549,0.5342,0.0109,-0.1622,0.0853,0.3643,14.2587,0.345469,0.291126,0.552472,63013112
in100_vm4,in100.floorssl.s0.d256vm4_ep25.pt,24,lejepa,4,view_mean,view_mean,3,3,3,0.211611,0.034252,0.067929,0.5564,0.4333,0.0103,-0.2598,-0.0383,0.3717,12.4745,0.323096,0.255126,0.502437,63013112
in100_vm4,in100.floorssl.s0.d256vm4_ep25.pt,24,lejepa,4,view_mean,view_mean,3,4,3,0.176221,0.032857,0.058596,0.5219,0.4681,0.01,-0.1368,-0.029,0.3977,11.0758,0.329941,0.247994,0.509015,63013112
in100_vm4,in100.floorssl.s0.d256vm4_ep25.pt,24,lejepa,4,view_mean,view_mean,3,5,3,0.177882,0.02951,0.05639,0.5505,0.4394,0.0101,-0.3249,-0.0604,0.2552,10.5981,0.300631,0.247107,0.517114,63013112
in1k_vm2,in1k.floorssl.s0.d256vm_ep25.pt,24,lejepa,4,view_mean,pooled,0,0,0,0.183417,0.090213,0.181267,0.6626,0.3259,0.0114,0.2943,-0.1016,0.0639,9.3004,0.217307,0.227097,0.339356,63013112
in1k_vm2,in1k.floorssl.s0.d256vm_ep25.pt,24,lejepa,4,view_mean,pooled,0,1,0,0.176953,0.089625,0.182047,0.656,0.3322,0.0118,0.2382,-0.0836,0.0972,9.0639,0.229339,0.228855,0.340939,63013112
in1k_vm2,in1k.floorssl.s0.d256vm_ep25.pt,24,lejepa,4,view_mean,pooled,0,2,0,0.159891,0.079932,0.182717,0.6579,0.3289,0.0131,0.2289,-0.1101,0.047,8.1653,0.209129,0.21597,0.343415,63013112
in1k_vm2,in1k.floorssl.s0.d256vm_ep25.pt,24,lejepa,4,view_mean,pooled,0,3,0,0.178253,0.093673,0.184713,0.6478,0.3404,0.0117,0.1968,-0.0344,0.1436,9.2451,0.219529,0.218932,0.330457,63013112
in1k_vm2,in1k.floorssl.s0.d256vm_ep25.pt,24,lejepa,4,view_mean,pooled,0,4,0,0.178013,0.099824,0.20297,0.6326,0.3548,0.0126,0.1934,-0.0695,0.1105,9.4545,0.224128,0.23074,0.338062,63013112
in1k_vm2,in1k.floorssl.s0.d256vm_ep25.pt,24,lejepa,4,view_mean,pooled,0,5,0,0.179103,0.08117,0.174431,0.6802,0.3083,0.0116,0.0985,-0.0916,0.1338,8.8476,0.220782,0.206084,0.322749,63013112
in1k_vm3,in1k.floorssl.s0.d256vm3_ep25.pt,24,lejepa,4,view_mean,view_mean,0,0,0,0.17445,0.082102,0.218797,0.6741,0.3172,0.0087,0.2016,0.0442,0.2611,8.6954,0.207787,0.212652,0.271491,63013112
in1k_vm3,in1k.floorssl.s0.d256vm3_ep25.pt,24,lejepa,4,view_mean,view_mean,0,1,0,0.173738,0.093154,0.253454,0.6447,0.3457,0.0096,0.1123,-0.0881,0.265,9.0548,0.217036,0.230916,0.306073,63013112
in1k_vm3,in1k.floorssl.s0.d256vm3_ep25.pt,24,lejepa,4,view_mean,view_mean,0,2,0,0.184355,0.078449,0.199671,0.6961,0.2962,0.0077,0.2018,-0.026,0.1947,8.8989,0.210063,0.189159,0.303114,63013112
in1k_vm3,in1k.floorssl.s0.d256vm3_ep25.pt,24,lejepa,4,view_mean,view_mean,0,3,0,0.184442,0.099116,0.215241,0.6454,0.3468,0.0077,0.2331,0.1021,0.3496,9.6016,0.220457,0.213951,0.312565,63013112
in1k_vm3,in1k.floorssl.s0.d256vm3_ep25.pt,24,lejepa,4,view_mean,view_mean,0,4,0,0.201455,0.097344,0.240395,0.6687,0.3231,0.0082,0.2282,0.0512,0.2641,10.1223,0.221441,0.231005,0.302411,63013112
in1k_vm3,in1k.floorssl.s0.d256vm3_ep25.pt,24,lejepa,4,view_mean,view_mean,0,5,0,0.213663,0.090398,0.223903,0.6974,0.2951,0.0075,0.4418,0.1562,0.3123,10.2935,0.212872,0.202082,0.303679,63013112
in1k_vm4,in1k.floorssl.s0.d256vm4_ep25.pt,24,lejepa,4,view_mean,view_mean,3,0,0,0.233786,0.313828,0.432052,0.1322,0.8525,0.0153,0.0164,0.0139,0.0352,47.5609,0.275165,0.682277,0.777022,63013112
in1k_vm4,in1k.floorssl.s0.d256vm4_ep25.pt,24,lejepa,4,view_mean,view_mean,3,1,1,0.209283,0.065379,0.11481,0.3945,0.592,0.0135,0.0175,-0.0506,0.2459,14.2695,0.245013,0.302754,0.416541,63013112
in1k_vm4,in1k.floorssl.s0.d256vm4_ep25.pt,24,lejepa,4,view_mean,view_mean,3,2,2,0.214098,0.039583,0.068678,0.5241,0.4654,0.0105,0.2624,-0.0335,0.31,10.9887,0.25325,0.220099,0.349769,63013112
in1k_vm4,in1k.floorssl.s0.d256vm4_ep25.pt,24,lejepa,4,view_mean,view_mean,3,3,3,0.234731,0.027389,0.05219,0.6352,0.356,0.0088,0.2004,-0.0186,0.3343,9.9405,0.268334,0.189901,0.323348,63013112
in1k_vm4,in1k.floorssl.s0.d256vm4_ep25.pt,24,lejepa,4,view_mean,view_mean,3,4,3,0.247619,0.029248,0.053878,0.6326,0.3589,0.0086,0.0772,-0.0202,0.3761,10.5303,0.274326,0.190115,0.325137,63013112
in1k_vm4,in1k.floorssl.s0.d256vm4_ep25.pt,24,lejepa,4,view_mean,view_mean,3,5,3,0.217564,0.027526,0.04862,0.6167,0.3747,0.0086,0.1375,0.0078,0.4085,9.4905,0.25977,0.184165,0.310272,63013112
toy_vc_oas,toy.floorssl.s0.e24vc_ep38.pt,37,lejepa,4,view_mean,view_mean,0,0,0,0.579109,0.23789,0.686577,0.4469,0.5292,0.0239,0.5083,0.1439,0.5699,20.9922,0.534057,0.276749,0.492269,63028414
toy_vc_oas,toy.floorssl.s0.e24vc_ep38.pt,37,lejepa,4,view_mean,view_mean,0,1,0,0.577117,0.193113,0.729665,0.4947,0.4772,0.0282,0.1962,0.1248,0.6061,18.9003,0.591869,0.266538,0.484699,63028414
toy_vc_oas,toy.floorssl.s0.e24vc_ep38.pt,37,lejepa,4,view_mean,view_mean,0,2,0,0.636316,0.199125,0.624528,0.5138,0.4635,0.0227,0.3954,0.1706,0.6779,20.0634,0.510797,0.293062,0.510261,63028414
toy_vc_oas,toy.floorssl.s0.e24vc_ep38.pt,37,lejepa,4,view_mean,view_mean,0,3,0,0.67319,0.217984,0.83358,0.5027,0.4692,0.028,0.4384,-0.0013,0.6696,21.6941,0.554989,0.291119,0.477553,63028414
toy_vc_oas,toy.floorssl.s0.e24vc_ep38.pt,37,lejepa,4,view_mean,view_mean,0,4,0,0.478234,0.163312,0.71832,0.4873,0.4797,0.033,0.1431,-0.1661,0.505,15.8984,0.5753,0.263814,0.453338,63028414
toy_vc_oas,toy.floorssl.s0.e24vc_ep38.pt,37,lejepa,4,view_mean,view_mean,0,5,0,0.577958,0.161157,0.870879,0.5343,0.4295,0.0363,0.2832,0.054,0.6874,17.5247,0.555508,0.281058,0.486962,63028414
toy_vc_oas_end,toy.floorssl.s0.e24vc_ep150.pt,149,lejepa,4,view_mean,view_mean,0,0,0,0.757731,0.100827,0.168582,0.7176,0.2752,0.0072,0.4338,0.1241,0.2432,17.107,0.272837,0.153374,0.188014,63028414
toy_vc_oas_end,toy.floorssl.s0.e24vc_ep150.pt,149,lejepa,4,view_mean,view_mean,0,1,0,0.86703,0.09074,0.162413,0.7633,0.2303,0.0064,0.4096,0.0923,0.3411,18.402,0.288105,0.134587,0.148563,63028414
toy_vc_oas_end,toy.floorssl.s0.e24vc_ep150.pt,149,lejepa,4,view_mean,view_mean,0,2,0,0.673121,0.072018,0.171169,0.7576,0.2337,0.0087,0.2815,-0.2437,0.1235,14.3927,0.254761,0.143573,0.171175,63028414
toy_vc_oas_end,toy.floorssl.s0.e24vc_ep150.pt,149,lejepa,4,view_mean,view_mean,0,3,0,0.77889,0.094464,0.142928,0.7364,0.2575,0.0061,0.4125,0.0524,0.1695,17.1338,0.28457,0.124306,0.164932,63028414
toy_vc_oas_end,toy.floorssl.s0.e24vc_ep150.pt,149,lejepa,4,view_mean,view_mean,0,4,0,0.670401,0.060633,0.136671,0.7875,0.2053,0.0072,0.3991,0.2081,0.119,13.7918,0.304511,0.101823,0.151135,63028414
toy_vc_oas_end,toy.floorssl.s0.e24vc_ep150.pt,149,lejepa,4,view_mean,view_mean,0,5,0,0.662714,0.072259,0.192882,0.7533,0.2368,0.0099,0.1503,-0.0575,0.2945,14.2513,0.288817,0.148429,0.170189,63028414
