frame,tag,s_h,r,s_inv,s_z,w_inv,w_floor,h_lamb
toy_Llr,e24s0a,0.0,0.25,0.75,0.25,32.526,21.484,0.0
toy_Llr,e24s0b,0.0,0.4,0.6,0.4,26.02,34.375,0.0
toy_Llr,e24s0c,0.0,0.55,0.45,0.55,19.515,47.265,0.0
toy_Llr,e24s0d,0.0,0.7,0.3,0.7,13.01,60.156,0.0
toy_Llr,e24s1a,0.03,0.25,0.7275,0.2425,31.55,20.84,0.704
toy_Llr,e24s1b,0.03,0.4,0.582,0.388,25.24,33.343,0.704
toy_Llr,e24s1c,0.03,0.55,0.4365,0.5335,18.93,45.847,0.704
toy_Llr,e24s1d,0.03,0.7,0.291,0.679,12.62,58.351,0.704
toy_Llr,e24s2a,0.1,0.25,0.675,0.225,29.273,19.336,2.3468
toy_Llr,e24s2b,0.1,0.4,0.54,0.36,23.418,30.937,2.3468
toy_Llr,e24s2c,0.1,0.55,0.405,0.495,17.564,42.539,2.3468
toy_Llr,e24s2d,0.1,0.7,0.27,0.63,11.709,54.14,2.3468
toy_Llr,e24s3a,0.25,0.25,0.5625,0.1875,24.394,16.113,5.867
toy_Llr,e24s3b,0.25,0.4,0.45,0.3,19.515,25.781,5.867
toy_Llr,e24s3c,0.25,0.55,0.3375,0.4125,14.636,35.449,5.867
toy_Llr,e24s3d,0.25,0.7,0.225,0.525,9.758,45.117,5.867
in100_d256,e24s0a,0.0,0.25,0.75,0.25,47.112,23.906,0.0
in100_d256,e24s0b,0.0,0.4,0.6,0.4,37.69,38.249,0.0
in100_d256,e24s0c,0.0,0.55,0.45,0.55,28.267,52.592,0.0
in100_d256,e24s0d,0.0,0.7,0.3,0.7,18.845,66.935,0.0
in100_d256,e24s1a,0.03,0.25,0.7275,0.2425,45.699,23.188,2.5578
in100_d256,e24s1b,0.03,0.4,0.582,0.388,36.559,37.101,2.5578
in100_d256,e24s1c,0.03,0.55,0.4365,0.5335,27.419,51.014,2.5578
in100_d256,e24s1d,0.03,0.7,0.291,0.679,18.279,64.927,2.5578
in100_d256,e24s2a,0.1,0.25,0.675,0.225,42.401,21.515,8.5258
in100_d256,e24s2b,0.1,0.4,0.54,0.36,33.921,34.424,8.5258
in100_d256,e24s2c,0.1,0.55,0.405,0.495,25.44,47.333,8.5258
in100_d256,e24s2d,0.1,0.7,0.27,0.63,16.96,60.242,8.5258
in100_d256,e24s3a,0.25,0.25,0.5625,0.1875,35.334,17.929,21.3146
in100_d256,e24s3b,0.25,0.4,0.45,0.3,28.267,28.687,21.3146
in100_d256,e24s3c,0.25,0.55,0.3375,0.4125,21.2,39.444,21.3146
in100_d256,e24s3d,0.25,0.7,0.225,0.525,14.134,50.202,21.3146
toy_Llr,e24s0ac,0.0,0.25,0.75,0.25,47.614,7.588,0.0
toy_Llr,e24s0bc,0.0,0.4,0.6,0.4,29.035,19.024,0.0
toy_Llr,e24s0cc,0.0,0.55,0.45,0.55,17.204,21.625,0.0
toy_Llr,e24s1ac,0.03,0.25,0.7275,0.2425,42.127,8.832,0.3101
toy_Llr,e24s1bc,0.03,0.4,0.582,0.388,24.937,16.523,0.2852
toy_Llr,e24s1cc,0.03,0.55,0.4365,0.5335,14.418,23.741,0.4426
toy_Llr,e24s2ac,0.1,0.25,0.675,0.225,30.831,5.703,1.4507
toy_Llr,e24s2bc,0.1,0.4,0.54,0.36,24.912,13.009,1.2697
toy_Llr,e24s2cc,0.1,0.55,0.405,0.495,14.712,24.293,1.9063
toy_Llr,e24s2dc,0.1,0.7,0.27,0.63,6.894,26.994,1.8552
toy_Llr,e24s3ac,0.25,0.25,0.5625,0.1875,15.759,2.659,4.7332
toy_Llr,e24s3bc,0.25,0.4,0.45,0.3,12.815,6.106,3.0728
toy_Llr,e24s3cc,0.25,0.55,0.3375,0.4125,8.326,13.215,5.5626
toy_Llr,e24s3dc,0.25,0.7,0.225,0.525,4.912,20.819,4.7592
in100_d256,e24s0ac,0.0,0.25,0.75,0.25,125.763,28.6,0.0
in100_d256,e24s0cc,0.0,0.55,0.45,0.55,39.067,99.007,0.0
in100_d256,e24s0dc,0.0,0.7,0.3,0.7,23.242,174.87,0.0
in100_d256,e24s1ac,0.03,0.25,0.7275,0.2425,112.725,22.319,2.6044
in100_d256,e24s1bc,0.03,0.4,0.582,0.388,55.658,44.806,2.1227
in100_d256,e24s1dc,0.03,0.7,0.291,0.679,18.456,127.87,2.0984
