method,run_id,wandb_id,state,model_name,bs,epochs,steps_per_epoch,epoch_at_100k,step,h_moment_kl,moment_kl,inv,probe,loss,sigreg,grad_norm,lr,test_acc,test_acc_step,test_acc_epoch
lej,in1k.lejepa.s0.e27lej,2ro5pxgs,finished,vit_small_patch16_224,128,100,10009,9.99,100000,,,0.16340705752372742,4.339216709136963,0.20943592488765717,1.0859375,0.7084468603134155,0.0004899034378765709,0.25084,90081,8
lm4b,in1k.floorssl.s0.e27lm4b,fn0xvqv3,finished,vit_base_patch16_224,128,100,10009,9.99,100000,0.1738085150718689,0.13472166657447815,0.17310257256031036,3.380709171295166,4.503532409667969,,1.3814517259597778,0.0009991098011785696,0.45136,90081,8
lm4b5b,in1k.floorssl.s0.e27lm4b5b,vwdgiuf0,crashed,vit_base_patch16_224,512,100,2502,39.97,,,,,,,,,,,,
lm4Ls5b,in1k.floorssl.s0.e27lm4Ls5b,em4im2ms,finished,vit_large_patch16_224,512,100,2502,39.97,100000,0.054737888276576996,0.024787262082099915,0.17651447653770447,2.299438953399658,1.0947636365890503,,0.6260338425636292,0.0007529783060066656,0.66158,97578,38
lm4Ls5b400,in1k.floorssl.s0.e27lm4Ls5b400,duvq68rw,running,vit_large_patch16_224,512,400,2502,39.97,100000,0.06753025949001312,0.03542350232601166,0.17157727479934692,2.280911922454834,1.210268259048462,,0.6559327840805054,0.000985646695233519,0.64766,97578,38
lm4Ls5btl100,in1k.floorssl.s0.e27lm4Ls5btl100,ywoz4fhr,running,vit_large_patch16_224,512,100,2502,39.97,100000,0.059873126447200775,0.03568601608276367,0.16119015216827393,2.2140157222747803,1.1573951244354248,,0.6532983183860779,0.0007629589805107259,0.65868,97578,38
lm4Ls5btl400,in1k.floorssl.s0.e27lm4Ls5btl400,ttd1qe7y,running,vit_large_patch16_224,512,400,2502,39.97,100000,0.06818188726902008,0.039589762687683105,0.17960132658481598,2.329925537109375,1.2885398864746094,,1.2054383754730225,0.000986226626735314,0.65008,97578,38
lm4s5b,in1k.floorssl.s0.e27lm4s5b,q2ojfnjq,finished,vit_base_patch16_224,512,100,2502,39.97,100000,0.06003446877002716,0.03765959292650223,0.18625232577323914,2.4591944217681885,1.3022174835205078,,0.8055719137191772,0.0007529783060066656,0.61746,97578,38
lm4sbe,in1k.floorssl.s0.e27lm4sbe,vr82exyp,finished,vit_base_patch16_224,128,100,10009,9.99,100000,0.11243504285812378,0.07218924164772034,0.2698603570461273,3.0163965225219727,4.749910831451416,,1.9727145433425903,0.0009991098011785696,0.48204,90081,8
lm4sbe400,in1k.floorssl.s0.e27lm4sbe400,tpn49ue1,running,vit_base_patch16_224,128,400,10009,9.99,100000,0.11220160126686096,0.07816371321678162,0.28675577044487,3.2168946266174316,5.078610420227051,,2.3813154697418213,0.0009991098011785696,0.45896,90081,8
lm4sbetl100,in1k.floorssl.s0.e27lm4sbetl100,2p3c14qg,running,vit_base_patch16_224,128,100,10009,9.99,100000,0.11156556010246277,0.07329992949962616,0.29191333055496216,3.1018359661102295,5.001983642578125,,2.093543291091919,0.0009991098011785696,0.46038,90081,8
lm4sbetl400,in1k.floorssl.s0.e27lm4sbetl400,6x2rorkx,running,vit_base_patch16_224,128,400,10009,9.99,100000,0.11177504062652588,0.08795863389968872,0.28331121802330017,3.2157654762268066,5.3016581535339355,,2.009511947631836,0.0009991098011785696,0.45752,90081,8
lmc,in1k.floorssl.s0.e27lmc,qxyil302,finished,vit_small_patch16_224,128,100,10009,9.99,100000,0.1143249124288559,0.17087680101394653,0.20132780075073242,3.776860237121582,4.719380855560303,,1.5106329917907715,0.0009991098011785696,0.367,90081,8
lmcb5,in1k.floorssl.s0.e27lmcb5,mbyb689w,finished,vit_small_patch16_224,512,100,2502,39.97,100000,0.05346810072660446,0.07792206108570099,0.16224151849746704,2.9684109687805176,2.9577553272247314,,1.5122270584106445,0.0007529783060066656,0.52244,97578,38
lmcs5,in1k.floorssl.s0.e27lmcs5,cah9qb71,finished,vit_small_patch16_224,512,100,2502,39.97,100000,0.058182962238788605,0.0675281286239624,0.22543230652809143,2.9009203910827637,1.1074243783950806,,0.7402775883674622,0.0007529783060066656,0.53402,97578,38
lmcs5q,in1k.floorssl.s0.e27lmcs5q,3tao5saf,crashed,vit_small_patch16_224,512,100,2502,39.97,100000,0.14360949397087097,0.07788437604904175,0.22098298370838165,3.314007520675659,14.763471603393555,,5.76068639755249,0.0007529783060066656,0.51308,97578,38
lmcs5q2,in1k.floorssl.s0.e27lmcs5q2,9ri419ko,running,vit_small_patch16_224,512,100,2502,39.97,100000,0.17969736456871033,0.028827324509620667,0.31983354687690735,2.902843952178955,49.726829528808594,,15.137855529785156,0.0007529783060066656,0.5353,97578,38
lmcse,in1k.floorssl.s0.e27lmcse,syn0lqy8,finished,vit_small_patch16_224,128,100,10009,9.99,100000,0.09721024334430695,0.1581202745437622,0.27042293548583984,3.663748264312744,4.212192058563232,,1.9200540781021118,0.0009991098011785696,0.38914,90081,8
oas,in1k.floorssl.s0.e27oas,dazz26fq,finished,vit_small_patch16_224,128,100,10009,9.99,100000,0.12042611837387085,0.15963640809059143,0.28664451837539673,3.9957191944122314,14.279764175415039,,4.012590408325195,0.0009991098011785696,0.38058,90081,8
v10u,in1k.floorssl.s0.e27v10u,a8geev84,finished,vit_small_patch16_224,128,100,10009,9.99,100000,0.28598666191101074,0.17186227440834045,0.2510772943496704,2.781902313232422,29.43875503540039,,6.41008186340332,0.0009991098011785696,0.4415,90081,8
v6b100,in1k.floorssl.s0.e27v6b100,exyq1nzq,running,vit_base_patch16_224,128,100,10009,9.99,100000,0.45836877822875977,0.1285366714000702,0.5758877396583557,2.9879016876220703,43.56278610229492,,12.900126457214355,0.0009991098011785696,0.46486,90081,8
v6b400,in1k.floorssl.s0.e27v6b400,y0e74bet,running,vit_base_patch16_224,128,400,10009,9.99,100000,0.4570181667804718,0.1286589503288269,0.5938766002655029,2.99882435798645,43.994815826416016,,13.466060638427734,0.0009991098011785696,0.4692,90081,8
v6L100,in1k.floorssl.s0.e27v6L100,nrkcs741,running,vit_large_patch16_224,512,100,2502,39.97,,,,,,,,,,,,
v6L400,in1k.floorssl.s0.e27v6L400,qd0gilvf,running,vit_large_patch16_224,512,400,2502,39.97,100000,0.12350919097661972,0.023644715547561646,0.38758280873298645,1.9081846475601196,16.483348846435547,,4.417040824890137,0.000985646695233519,0.66032,97578,38
