run,space,n,d,pos_cos,rand_cos,cos_margin,align_pos,align_rand,align_rel
in100.simclr.s0.ext,student.h.cls,10000,384,0.8574,0.4831,0.3743,0.2852,1.0338,0.2759
in100.simclr.s0.ext,student.h.gap,10000,384,0.8592,0.5319,0.3273,0.2815,0.9362,0.3007
in100.simclr.s0.ext,student.z.proj.out,10000,512,0.786,0.001,0.785,0.4281,1.9981,0.2142
in100.simclr.s0.ext,student.z.proj.tap1,10000,4096,0.7012,0.0678,0.6334,0.5975,1.8644,0.3205
in100.byol.s0.ext,student.h.cls,10000,384,0.9337,0.7644,0.1693,0.1326,0.4712,0.2815
in100.byol.s0.ext,student.h.gap,10000,384,0.9134,0.7566,0.1569,0.1731,0.4869,0.3555
in100.byol.s0.ext,student.z.pred.out,10000,256,0.8616,0.1784,0.6832,0.2768,1.6432,0.1684
in100.byol.s0.ext,student.z.pred.tap1,10000,8192,0.8505,0.3713,0.4792,0.299,1.2574,0.2378
in100.byol.s0.ext,student.z.proj.out,10000,256,0.8218,0.1369,0.6848,0.3565,1.7261,0.2065
in100.byol.s0.ext,student.z.proj.tap1,10000,4096,0.8003,0.3406,0.4597,0.3994,1.3189,0.3029
in100.byol.s0.ext,teacher.h.cls,10000,384,0.9349,0.7699,0.165,0.1302,0.4602,0.283
in100.byol.s0.ext,teacher.h.gap,10000,384,0.917,0.766,0.151,0.166,0.468,0.3547
in100.byol.s0.ext,teacher.z.proj.out,10000,256,0.8195,0.1301,0.6894,0.3611,1.7399,0.2075
in100.byol.s0.ext,teacher.z.proj.tap1,10000,4096,0.7985,0.3407,0.4578,0.403,1.3186,0.3057
in100.vicreg.s0.ext,student.h.cls,10000,384,0.9207,0.7103,0.2104,0.1585,0.5794,0.2736
in100.vicreg.s0.ext,student.h.gap,10000,384,0.9363,0.8258,0.1105,0.1274,0.3483,0.3657
in100.vicreg.s0.ext,student.z.proj.out,10000,2048,0.7001,0.0112,0.6888,0.5999,1.9775,0.3033
in100.vicreg.s0.ext,student.z.proj.tap1,10000,2048,0.7484,0.1217,0.6266,0.5032,1.7565,0.2865
in100.vicreg.s0.ext,student.z.proj.tap2,10000,2048,0.7501,0.0669,0.6832,0.4997,1.8662,0.2678
in100.dino.s0.ext,student.h.cls,10000,384,0.6789,0.1418,0.5371,0.6422,1.7164,0.3741
in100.dino.s0.ext,student.h.gap,10000,384,0.7612,0.4322,0.329,0.4776,1.1355,0.4206
in100.dino.s0.ext,student.z.dino.bottleneck,10000,256,0.7776,0.0949,0.6827,0.4449,1.8102,0.2457
in100.dino.s0.ext,student.z.dino.tap1,10000,2048,0.6989,0.2578,0.4411,0.6022,1.4844,0.4057
in100.dino.s0.ext,student.z.dino.tap2,10000,2048,0.6235,0.041,0.5825,0.753,1.9179,0.3926
in100.dino.s0.ext,teacher.h.cls,10000,384,0.6804,0.1452,0.5352,0.6391,1.7096,0.3739
in100.dino.s0.ext,teacher.h.gap,10000,384,0.756,0.4152,0.3407,0.4881,1.1695,0.4173
in100.dino.s0.ext,teacher.z.dino.bottleneck,10000,256,0.7782,0.0946,0.6836,0.4436,1.8108,0.245
in100.dino.s0.ext,teacher.z.dino.tap1,10000,2048,0.6986,0.2616,0.437,0.6029,1.4768,0.4082
in100.dino.s0.ext,teacher.z.dino.tap2,10000,2048,0.6178,0.037,0.5808,0.7644,1.926,0.3969
in100.lejepa.s0.ext,student.h.cls,10000,384,0.9668,0.7668,0.2,0.0664,0.4665,0.1424
in100.lejepa.s0.ext,student.h.gap,10000,384,0.9427,0.7653,0.1774,0.1147,0.4695,0.2442
in100.lejepa.s0.ext,student.z.embed,10000,512,0.9549,0.5832,0.3717,0.0902,0.8335,0.1082
in100.lejepa.s0.ext,student.z.proj.out,10000,16,0.9084,-0.0037,0.9121,0.1831,2.0074,0.0912
in100.lejepa.s0.ext,student.z.proj.tap1,10000,2048,0.8755,0.2067,0.6688,0.2491,1.5866,0.157
in100.lejepa.s0.ext,student.z.proj.tap2,10000,2048,0.8969,0.2034,0.6935,0.2063,1.5932,0.1295
in100.mae.s0.ext,student.h.cls,10000,384,0.92,0.8975,0.0225,0.1601,0.2051,0.7805
in100.mae.s0.ext,student.h.gap,10000,384,0.7186,0.5864,0.1322,0.5628,0.8272,0.6804
in100.mae.s0.ext,student.z.dec.tap2,10000,512,0.8919,0.822,0.07,0.2161,0.3561,0.607
in100.mae.s0.ext,student.z.dec.tap5,10000,512,0.8389,0.7501,0.0888,0.3223,0.4998,0.6448
in100.mae.s0.ext,student.z.dec.tap8,10000,512,0.8496,0.7846,0.065,0.3007,0.4308,0.698
in100.ijepa.s0.ext,student.h.cls,10000,384,0.5794,0.4926,0.0868,0.8411,1.0148,0.8289
in100.ijepa.s0.ext,student.h.gap,10000,384,0.4654,0.2915,0.1739,1.0692,1.417,0.7545
in100.ijepa.s0.ext,student.z.pred.out,10000,384,0.446,0.2805,0.1655,1.108,1.439,0.77
in100.ijepa.s0.ext,teacher.h.cls,10000,384,0.5786,0.4916,0.087,0.8427,1.0168,0.8288
in100.ijepa.s0.ext,teacher.h.gap,10000,384,0.4556,0.2784,0.1771,1.0889,1.4432,0.7545
in100.simclr.s0.e20f.ext,student.h.cls,10000,384,0.6248,0.0501,0.5747,0.7505,1.8998,0.395
in100.simclr.s0.e20f.ext,student.h.gap,10000,384,0.8023,0.4847,0.3176,0.3954,1.0306,0.3836
in100.simclr.s0.e20f.ext,student.z.proj.out,10000,512,0.7952,0.0005,0.7947,0.4095,1.9989,0.2049
in100.simclr.s0.e20f.ext,student.z.proj.tap1,10000,4096,0.6982,0.0485,0.6496,0.6037,1.9029,0.3172
in100.byol.s0.e20f.ext,student.h.cls,10000,384,0.5661,0.0062,0.5599,0.8679,1.9876,0.4366
in100.byol.s0.e20f.ext,student.h.gap,10000,384,0.7936,0.5302,0.2635,0.4127,0.9397,0.4392
in100.byol.s0.e20f.ext,student.z.pred.out,10000,256,0.8698,0.1955,0.6743,0.2604,1.609,0.1618
in100.byol.s0.e20f.ext,student.z.pred.tap1,10000,8192,0.8616,0.3657,0.4958,0.2769,1.2685,0.2183
in100.byol.s0.e20f.ext,student.z.proj.out,10000,256,0.8382,0.1555,0.6826,0.3237,1.6889,0.1916
in100.byol.s0.e20f.ext,student.z.proj.tap1,10000,4096,0.7371,0.2387,0.4984,0.5258,1.5227,0.3453
in100.byol.s0.e20f.ext,teacher.h.cls,10000,384,0.5673,0.0055,0.5618,0.8655,1.9891,0.4351
in100.byol.s0.e20f.ext,teacher.h.gap,10000,384,0.7972,0.5347,0.2625,0.4057,0.9306,0.4359
in100.byol.s0.e20f.ext,teacher.z.proj.out,10000,256,0.8345,0.1481,0.6864,0.331,1.7039,0.1943
in100.byol.s0.e20f.ext,teacher.z.proj.tap1,10000,4096,0.7394,0.2404,0.499,0.5213,1.5193,0.3431
in100.vicreg.s0.e20f.ext,student.h.cls,10000,384,0.5604,0.0045,0.5559,0.8792,1.9911,0.4416
in100.vicreg.s0.e20f.ext,student.h.gap,10000,384,0.8049,0.5662,0.2387,0.3903,0.8676,0.4498
in100.vicreg.s0.e20f.ext,student.z.proj.out,10000,2048,0.7041,0.0113,0.6927,0.5919,1.9773,0.2993
in100.vicreg.s0.e20f.ext,student.z.proj.tap1,10000,2048,0.7139,0.1049,0.609,0.5723,1.7902,0.3197
in100.vicreg.s0.e20f.ext,student.z.proj.tap2,10000,2048,0.7501,0.0606,0.6895,0.4999,1.8788,0.2661
in100.dino.s0.e20f.ext,student.h.cls,10000,384,0.3398,0.0183,0.3215,1.3205,1.9635,0.6725
in100.dino.s0.e20f.ext,student.h.gap,10000,384,0.7591,0.4346,0.3245,0.4818,1.1308,0.426
in100.dino.s0.e20f.ext,student.z.dino.bottleneck,10000,256,0.7938,0.0988,0.695,0.4124,1.8024,0.2288
in100.dino.s0.e20f.ext,student.z.dino.tap1,10000,2048,0.5005,0.0523,0.4483,0.9989,1.8954,0.527
in100.dino.s0.e20f.ext,student.z.dino.tap2,10000,2048,0.6056,0.0212,0.5844,0.7888,1.9577,0.4029
in100.dino.s0.e20f.ext,teacher.h.cls,10000,384,0.3456,0.0185,0.3271,1.3088,1.9631,0.6667
in100.dino.s0.e20f.ext,teacher.h.gap,10000,384,0.753,0.418,0.335,0.494,1.164,0.4244
in100.dino.s0.e20f.ext,teacher.z.dino.bottleneck,10000,256,0.7958,0.0986,0.6972,0.4084,1.8029,0.2265
in100.dino.s0.e20f.ext,teacher.z.dino.tap1,10000,2048,0.5054,0.0534,0.4521,0.9892,1.8933,0.5225
in100.dino.s0.e20f.ext,teacher.z.dino.tap2,10000,2048,0.61,0.0215,0.5885,0.7801,1.957,0.3986
in100.lejepa.s0.e20f.ext,student.h.cls,10000,384,0.6741,0.006,0.6681,0.6518,1.9879,0.3279
in100.lejepa.s0.e20f.ext,student.h.gap,10000,384,0.8677,0.6239,0.2438,0.2645,0.7522,0.3517
in100.lejepa.s0.e20f.ext,student.z.embed,10000,512,0.5972,0.0025,0.5947,0.8056,1.995,0.4038
in100.lejepa.s0.e20f.ext,student.z.proj.out,10000,16,0.9153,-0.0034,0.9187,0.1694,2.0068,0.0844
in100.lejepa.s0.e20f.ext,student.z.proj.tap1,10000,2048,0.8143,0.1629,0.6514,0.3714,1.6742,0.2218
in100.lejepa.s0.e20f.ext,student.z.proj.tap2,10000,2048,0.8992,0.1951,0.7041,0.2015,1.6097,0.1252
in100.mae.s0.e20f.ext,student.h.cls,10000,384,0.1549,0.0907,0.0642,1.6902,1.8185,0.9294
in100.mae.s0.e20f.ext,student.h.gap,10000,384,0.1212,0.0368,0.0844,1.7575,1.9264,0.9123
in100.mae.s0.e20f.ext,student.z.dec.tap2,10000,512,0.7975,0.6929,0.1046,0.405,0.6143,0.6593
in100.mae.s0.e20f.ext,student.z.dec.tap5,10000,512,0.8097,0.7025,0.1072,0.3806,0.595,0.6397
in100.mae.s0.e20f.ext,student.z.dec.tap8,10000,512,0.825,0.7407,0.0843,0.3501,0.5187,0.6749
in100.ijepa.s0.e20f.ext,student.h.cls,10000,384,0.6443,0.5837,0.0606,0.7114,0.8325,0.8545
in100.ijepa.s0.e20f.ext,student.h.gap,10000,384,0.1733,0.0612,0.1121,1.6534,1.8775,0.8806
in100.ijepa.s0.e20f.ext,student.z.pred.out,10000,384,0.1789,0.0731,0.1058,1.6421,1.8537,0.8858
in100.ijepa.s0.e20f.ext,teacher.h.cls,10000,384,0.6489,0.5889,0.0599,0.7023,0.8222,0.8542
in100.ijepa.s0.e20f.ext,teacher.h.gap,10000,384,0.1728,0.0603,0.1125,1.6545,1.8794,0.8803
in100.dino.s0.e12gd.ext,student.h.cls,10000,384,0.563,0.0487,0.5143,0.874,1.9026,0.4594
in100.dino.s0.e12gd.ext,student.h.gap,10000,384,0.7443,0.4107,0.3336,0.5114,1.1786,0.4339
in100.dino.s0.e12gd.ext,student.z.dino.bottleneck,10000,256,0.7914,0.0994,0.692,0.4172,1.8011,0.2316
in100.dino.s0.e12gd.ext,student.z.dino.tap1,10000,2048,0.5871,0.0963,0.4908,0.8259,1.8074,0.4569
in100.dino.s0.e12gd.ext,student.z.dino.tap2,10000,2048,0.6148,0.0184,0.5964,0.7704,1.9633,0.3924
in100.dino.s0.e12gd.ext,teacher.h.cls,10000,384,0.5673,0.0508,0.5166,0.8653,1.8985,0.4558
in100.dino.s0.e12gd.ext,teacher.h.gap,10000,384,0.7417,0.4005,0.3412,0.5166,1.1989,0.4309
in100.dino.s0.e12gd.ext,teacher.z.dino.bottleneck,10000,256,0.7931,0.0996,0.6935,0.4138,1.8009,0.2298
in100.dino.s0.e12gd.ext,teacher.z.dino.tap1,10000,2048,0.5869,0.0932,0.4937,0.8262,1.8135,0.4556
in100.dino.s0.e12gd.ext,teacher.z.dino.tap2,10000,2048,0.6151,0.0177,0.5974,0.7698,1.9647,0.3918
in100.dino.s0.e20f_lam06.ext,student.h.cls,10000,384,0.4787,0.0302,0.4485,1.0425,1.9395,0.5375
in100.dino.s0.e20f_lam06.ext,student.h.gap,10000,384,0.7553,0.4384,0.3169,0.4893,1.1231,0.4357
in100.dino.s0.e20f_lam06.ext,student.z.dino.bottleneck,10000,256,0.793,0.1014,0.6916,0.414,1.7972,0.2304
in100.dino.s0.e20f_lam06.ext,student.z.dino.tap1,10000,2048,0.5261,0.0451,0.481,0.9478,1.9097,0.4963
in100.dino.s0.e20f_lam06.ext,student.z.dino.tap2,10000,2048,0.613,0.0197,0.5933,0.7741,1.9607,0.3948
in100.dino.s0.e20f_lam06.ext,teacher.h.cls,10000,384,0.4865,0.0314,0.4551,1.0269,1.9371,0.5301
in100.dino.s0.e20f_lam06.ext,teacher.h.gap,10000,384,0.7513,0.4243,0.327,0.4974,1.1515,0.432
in100.dino.s0.e20f_lam06.ext,teacher.z.dino.bottleneck,10000,256,0.796,0.1004,0.6956,0.408,1.7992,0.2268
in100.dino.s0.e20f_lam06.ext,teacher.z.dino.tap1,10000,2048,0.5295,0.0448,0.4847,0.941,1.9105,0.4925
in100.dino.s0.e20f_lam06.ext,teacher.z.dino.tap2,10000,2048,0.617,0.0195,0.5975,0.766,1.9609,0.3906
in100.dino.s0.e20f_lam008.ext,student.h.cls,10000,384,0.6118,0.0754,0.5365,0.7763,1.8493,0.4198
in100.dino.s0.e20f_lam008.ext,student.h.gap,10000,384,0.7645,0.4356,0.3289,0.471,1.1288,0.4173
in100.dino.s0.e20f_lam008.ext,student.z.dino.bottleneck,10000,256,0.7915,0.0929,0.6986,0.417,1.8142,0.2298
in100.dino.s0.e20f_lam008.ext,student.z.dino.tap1,10000,2048,0.6412,0.1562,0.485,0.7177,1.6876,0.4253
in100.dino.s0.e20f_lam008.ext,student.z.dino.tap2,10000,2048,0.627,0.0233,0.6037,0.7459,1.9533,0.3819
in100.dino.s0.e20f_lam008.ext,teacher.h.cls,10000,384,0.6153,0.0773,0.538,0.7694,1.8454,0.4169
in100.dino.s0.e20f_lam008.ext,teacher.h.gap,10000,384,0.7626,0.4249,0.3376,0.4749,1.1501,0.4129
in100.dino.s0.e20f_lam008.ext,teacher.z.dino.bottleneck,10000,256,0.793,0.093,0.7,0.414,1.8139,0.2282
in100.dino.s0.e20f_lam008.ext,teacher.z.dino.tap1,10000,2048,0.6409,0.1569,0.484,0.7182,1.6863,0.4259
in100.dino.s0.e20f_lam008.ext,teacher.z.dino.tap2,10000,2048,0.6241,0.0215,0.6026,0.7517,1.9569,0.3841
in100.floorssl.s0.d16.ext,student.h.cls,10000,384,0.5218,0.0039,0.5179,0.9565,1.9922,0.4801
in100.floorssl.s0.d16.ext,student.h.gap,10000,384,0.8677,0.6984,0.1693,0.2645,0.6031,0.4386
in100.floorssl.s0.d16.ext,student.z.proj.out,10000,16,0.8814,0.0207,0.8607,0.2373,1.9586,0.1211
in100.floorssl.s0.d16.ext,student.z.proj.tap1,10000,2048,0.7417,0.1322,0.6095,0.5166,1.7356,0.2977
in100.floorssl.s0.d16.ext,student.z.proj.tap2,10000,2048,0.8924,0.3006,0.5918,0.2152,1.3989,0.1539
in100.floorssl.s0.d32.ext,student.h.cls,10000,384,0.6065,0.0031,0.6034,0.787,1.9937,0.3947
in100.floorssl.s0.d32.ext,student.h.gap,10000,384,0.8405,0.6047,0.2358,0.319,0.7905,0.4035
in100.floorssl.s0.d32.ext,student.z.proj.out,10000,32,0.8775,0.0066,0.8709,0.2451,1.9868,0.1234
in100.floorssl.s0.d32.ext,student.z.proj.tap1,10000,2048,0.7846,0.0832,0.7015,0.4308,1.8337,0.2349
in100.floorssl.s0.d32.ext,student.z.proj.tap2,10000,2048,0.8743,0.1537,0.7206,0.2513,1.6925,0.1485
in100.floorssl.s0.d64.ext,student.h.cls,10000,384,0.668,0.0018,0.6663,0.6639,1.9964,0.3326
in100.floorssl.s0.d64.ext,student.h.gap,10000,384,0.8447,0.5992,0.2455,0.3106,0.8016,0.3875
in100.floorssl.s0.d64.ext,student.z.proj.out,10000,64,0.8659,0.0025,0.8634,0.2682,1.995,0.1344
in100.floorssl.s0.d64.ext,student.z.proj.tap1,10000,2048,0.8131,0.0621,0.7511,0.3737,1.8759,0.1992
in100.floorssl.s0.d64.ext,student.z.proj.tap2,10000,2048,0.8643,0.0788,0.7856,0.2713,1.8424,0.1473
in100.floorssl.s0.d128.ext,student.h.cls,10000,384,0.6839,0.0015,0.6824,0.6322,1.9969,0.3166
in100.floorssl.s0.d128.ext,student.h.gap,10000,384,0.8417,0.5871,0.2547,0.3165,0.8258,0.3833
in100.floorssl.s0.d128.ext,student.z.proj.out,10000,128,0.8231,0.0008,0.8224,0.3537,1.9985,0.177
in100.floorssl.s0.d128.ext,student.z.proj.tap1,10000,2048,0.8103,0.0673,0.7431,0.3793,1.8654,0.2033
in100.floorssl.s0.d128.ext,student.z.proj.tap2,10000,2048,0.8289,0.042,0.7869,0.3421,1.9159,0.1786
in100.floorssl.s0.d256.ext,student.h.cls,10000,384,0.666,0.0015,0.6645,0.6681,1.997,0.3345
in100.floorssl.s0.d256.ext,student.h.gap,10000,384,0.8412,0.5843,0.2569,0.3176,0.8315,0.382
in100.floorssl.s0.d256.ext,student.z.proj.out,10000,256,0.8149,0.0004,0.8145,0.3702,1.9992,0.1852
in100.floorssl.s0.d256.ext,student.z.proj.tap1,10000,2048,0.8182,0.0798,0.7384,0.3635,1.8404,0.1975
in100.floorssl.s0.d256.ext,student.z.proj.tap2,10000,2048,0.8362,0.043,0.7932,0.3277,1.9141,0.1712
in100.floorssl.s0.d512.ext,student.h.cls,10000,384,0.6697,0.0023,0.6674,0.6606,1.9953,0.3311
in100.floorssl.s0.d512.ext,student.h.gap,10000,384,0.8084,0.5081,0.3003,0.3832,0.9838,0.3895
in100.floorssl.s0.d512.ext,student.z.proj.out,10000,512,0.774,0.0001,0.7739,0.452,1.9998,0.226
in100.floorssl.s0.d512.ext,student.z.proj.tap1,10000,2048,0.8042,0.1141,0.6901,0.3916,1.7719,0.221
in100.floorssl.s0.d512.ext,student.z.proj.tap2,10000,2048,0.8259,0.0853,0.7406,0.3481,1.8294,0.1903
in100.floorssl.s0.lejepa_augs2.ext,student.h.cls,10000,384,0.3139,0.2072,0.1067,1.3722,1.5857,0.8654
in100.floorssl.s0.lejepa_augs2.ext,student.h.gap,10000,384,0.4402,0.3197,0.1206,1.1195,1.3606,0.8228
in100.floorssl.s0.lejepa_augs2.ext,student.z.proj.out,10000,2048,0.4065,0.352,0.0545,1.187,1.296,0.9159
in100.floorssl.s0.lejepa_augs2.ext,student.z.proj.tap1,10000,2048,0.4177,0.3338,0.0839,1.1646,1.3323,0.8741
in100.floorssl.s0.lejepa_augs2.ext,student.z.proj.tap2,10000,2048,0.3511,0.2867,0.0644,1.2978,1.4266,0.9097
in100.lejepa.s0.e12f2.ext,student.h.cls,10000,384,0.6419,0.0446,0.5973,0.7162,1.9107,0.3748
in100.lejepa.s0.e12f2.ext,student.h.gap,10000,384,0.7908,0.4425,0.3483,0.4184,1.115,0.3753
in100.lejepa.s0.e12f2.ext,student.z.embed,10000,512,0.5396,0.0028,0.5367,0.9209,1.9943,0.4617
in100.lejepa.s0.e12f2.ext,student.z.proj.out,10000,16,0.9123,-0.0034,0.9157,0.1755,2.0068,0.0874
in100.lejepa.s0.e12f2.ext,student.z.proj.tap1,10000,2048,0.8061,0.2058,0.6004,0.3877,1.5885,0.2441
in100.lejepa.s0.e12f2.ext,student.z.proj.tap2,10000,2048,0.9022,0.2509,0.6512,0.1957,1.4981,0.1306
in100.floorssl.s0.d256vm2.ext,student.h.cls,10000,384,0.6782,0.0023,0.6759,0.6435,1.9954,0.3225
in100.floorssl.s0.d256vm2.ext,student.h.gap,10000,384,0.8489,0.6072,0.2417,0.3023,0.7856,0.3848
in100.floorssl.s0.d256vm2.ext,student.z.proj.out,10000,256,0.8684,0.0013,0.8671,0.2633,1.9975,0.1318
in100.floorssl.s0.d256vm2.ext,student.z.proj.tap1,10000,2048,0.8114,0.1282,0.6832,0.3772,1.7435,0.2163
in100.floorssl.s0.d256vm2.ext,student.z.proj.tap2,10000,2048,0.8754,0.0925,0.7829,0.2492,1.8149,0.1373
in100.floorssl.s0.d256e200.ext,student.h.cls,10000,384,0.7248,0.0026,0.7222,0.5504,1.9948,0.2759
in100.floorssl.s0.d256e200.ext,student.h.gap,10000,384,0.8637,0.6108,0.2529,0.2725,0.7783,0.3501
in100.floorssl.s0.d256e200.ext,student.z.proj.out,10000,256,0.8681,0.0001,0.868,0.2638,1.9997,0.1319
in100.floorssl.s0.d256e200.ext,student.z.proj.tap1,10000,2048,0.8813,0.145,0.7363,0.2374,1.7101,0.1388
in100.floorssl.s0.d256e200.ext,student.z.proj.tap2,10000,2048,0.8783,0.0333,0.8451,0.2433,1.9335,0.1259
