effrank,effrank_over_D,part_ratio,rankme,n_1pct,n_null,scale,shape,mean_term,floor,label,store,split,n,slice_scale_mean,slice_shape_mean,slice_shape_p10,slice_shape_p90,shape_dilution
203.09071038941883,0.5288820583057782,151.3182406875602,301.35474387794255,381,1,0.017170630000483356,0.48411874826793555,0.005218473122581714,0.007523944024154795,"control (slice d'=128, w=1,1,1)",in100.floorssl.s0.d256vm4.extF,in100.train.v1,126689,0.017730406713991717,0.13099527688697454,0.12865944569776047,0.13301803301224469,3.6956962096094754
197.8033061079612,0.5151127763228156,143.51354349638441,299.38764755694086,380,1,0.01906024274824214,0.495432913800109,0.006372852508643077,0.007420266952282798,"control (slice d'=128, w=1,1,1)",in100.floorssl.s0.d256vm4.extF,in100.val.v1,5000,,,,,
202.05119260537455,0.5261749807431629,150.32991026107084,301.22483719022443,382,1,0.004403849217351707,0.48419726059056845,0.006661048915142727,0.009927274895744952,"sc4 (slice, scale x4)",in100.floorssl.s0.e31sc4.extF,in100.train.v1,126689,0.004278550475261668,0.13312947609439568,0.1307184921811577,0.13553108544269757,3.637040231775926
196.88547513776166,0.5127225915045877,142.68745912704685,299.38920831918807,382,1,0.0035655238295180247,0.49512105430416536,0.0076705706019005735,0.009577163106541518,"sc4 (slice, scale x4)",in100.floorssl.s0.e31sc4.extF,in100.val.v1,5000,,,,,
289.59270965596306,0.7541476813957372,257.1725457831623,341.602130308649,383,1,0.015888096038423893,0.24129194155528214,0.00411813081531794,0.011478271175241656,"sh4 (slice, shape x4)",in100.floorssl.s0.e31sh4.extF,in100.train.v1,126689,0.01614459845558395,0.047272442536255746,0.04644749599779532,0.04839338232583174,5.104283354307799
279.06052796102523,0.7267201248985032,239.5072376057566,338.5260488280923,383,1,0.017729441623043463,0.2571977936874148,0.005016989607397625,0.011351180200571123,"sh4 (slice, shape x4)",in100.floorssl.s0.e31sh4.extF,in100.val.v1,5000,,,,,
290.6953278609493,0.7570190829712221,257.76897465931347,342.80432148982,383,1,0.0060632111361750285,0.23318847267632226,0.005643198875848729,0.013427067271344812,"d4 (slice, h_lamb x4)",in100.floorssl.s0.e31d4.extF,in100.train.v1,126689,0.005868530583846265,0.04676684617212278,0.045925141036952534,0.04765892832541989,4.986191966379025
280.6407269693121,0.7308352264825836,240.73723920078814,339.9468458603275,383,1,0.0050302938798887364,0.2481061468906563,0.006648738283737749,0.013567663634716575,"d4 (slice, h_lamb x4)",in100.floorssl.s0.e31d4.extF,in100.val.v1,5000,,,,,
268.5728630814995,0.6994084976080717,198.33197805682798,348.45273253641545,383,1,0.0008767198382753083,0.18270545241422545,0.01048954809974185,0.09139089974307345,g1 (full slice d'=384),in100.floorssl.s0.e31g1.extF,in100.train.v1,126689,0.0007734567531379188,0.06816958606268261,0.06678390545125881,0.06963026628405525,2.6801608014199467
257.04691372804905,0.6693930045001277,185.69649871162923,343.8133876023121,383,1,0.0006297897051311674,0.20815913635288924,0.011426683077794849,0.07760174890002564,g1 (full slice d'=384),in100.floorssl.s0.e31g1.extF,in100.val.v1,5000,,,,,
353.21857461106396,0.9198400380496458,328.57713127646105,342.2956126424676,382,1,3.1253212217752235e-05,0.04751321962154141,0.44196148086814097,0.004937394939505701,"g4 (full slice, shape x4)",in100.floorssl.s0.e31g4.extF,in100.train.v1,126689,4.809685477400252e-05,0.013930276422910965,0.013570163680682874,0.01433539403487812,3.410787997242967
334.4659761441709,0.8710051462087783,297.92780267841204,336.69103484429075,382,1,8.614324870703793e-05,0.07691392056375809,0.44266185845069256,0.004241121014602906,"g4 (full slice, shape x4)",in100.floorssl.s0.e31g4.extF,in100.val.v1,5000,,,,,
521.4909246248798,0.6790246414386455,423.4118204542875,664.7782601380277,754,1,0.010790918311534892,0.3063626449556231,0.0016178376721261267,0.0003280094660273647,"Ours v6b100 (ring, B)",in1k.floorssl.s0.e27v6b100.extL,in1k.val.v1L,50000,,,,,
300.79198322349407,0.39165622815559126,227.15388374693032,528.4986383662517,741,3,0.006164320726697481,0.7190813677707629,0.004230431049113875,9.127889493015489e-05,"Ours lm4sbe (OAS, B)",in1k.floorssl.s0.e27lm4sbe.extL,in1k.val.v1L,50000,,,,,
697.5275499031293,0.6811792479522747,571.1791300167519,885.2484855416203,1011,1,0.005667973788155534,0.30524961823555263,0.0060380628021021844,0.00014842469195155638,"Ours Ls5b (OAS, L)",in1k.floorssl.s0.e27lm4Ls5b.extL,in1k.val.v1,50000,,,,,
546.6638237210631,0.7118018538034675,458.605251244293,681.2551845234841,767,1,0.08485140969924188,0.23955552854375098,0.008684817970691044,0.02179511259078958,OK-AI DINO B-100,in1k.pub.okdinob100.ext,in1k.val.v1,50000,,,,,
467.05424264225144,0.6081435451070982,374.5713084259925,635.8165206794856,752,1,0.03347392185858766,0.392158478827175,0.012356836113851459,2.281878630946701e-05,OK-AI iBOT B-100,in1k.pub.okibotb100.ext,in1k.val.v1,50000,,,,,
88.27617580953665,0.11494293725200085,23.501029250899318,460.8333017417979,766,1,0.8499957596811485,0.8438826219626459,0.018631099984408924,0.004970719122811855,OK-AI LeJEPA B-100,in1k.pub.oklejepab100.ext,in1k.val.v1,50000,,,,,
