cell,epoch,metric,space,value,n_cka,n_ntk,n_probes,subset_seed,probe_seed
in100.floorssl.s0.d256vm4zonly,0,initcheck_cos_min,h.cls,0.9999512138226296,4096,256,8,0,1009
in100.floorssl.s0.d256vm4zonly,0,ntk_fro,h.cls,2363106.6371113416,4096,256,8,0,1009
in100.floorssl.s0.d256vm4zonly,25,cka_init,h.cls,0.1830163332289128,4096,256,8,0,1009
in100.floorssl.s0.d256vm4zonly,25,cka_init,h.cls.L03,0.47390505804077265,4096,256,8,0,1009
in100.floorssl.s0.d256vm4zonly,25,cka_init,h.cls.L06,0.30572529968028234,4096,256,8,0,1009
in100.floorssl.s0.d256vm4zonly,25,cka_init,h.cls.L09,0.21445094627916372,4096,256,8,0,1009
in100.floorssl.s0.d256vm4zonly,25,cka_init,h.gap,0.17873156852894193,4096,256,8,0,1009
in100.floorssl.s0.d256vm4zonly,25,cka_init,h.gap.L03,0.5017678206888582,4096,256,8,0,1009
in100.floorssl.s0.d256vm4zonly,25,cka_init,h.gap.L06,0.2764794417186846,4096,256,8,0,1009
in100.floorssl.s0.d256vm4zonly,25,cka_init,h.gap.L09,0.20092834665481699,4096,256,8,0,1009
in100.floorssl.s0.d256vm4zonly,25,ntk_align_init,h.cls,0.5307913881022333,4096,256,8,0,1009
in100.floorssl.s0.d256vm4zonly,25,ntk_cka_init,h.cls,0.3988542529076967,4096,256,8,0,1009
in100.floorssl.s0.d256vm4zonly,25,ntk_align_prev,h.cls,0.5307913881022333,4096,256,8,0,1009
in100.floorssl.s0.d256vm4zonly,25,ntk_fro,h.cls,569.5583990335787,4096,256,8,0,1009
in100.floorssl.s0.d256vm4zonly,50,cka_init,h.cls,0.15473989271875374,4096,256,8,0,1009
in100.floorssl.s0.d256vm4zonly,50,cka_init,h.cls.L03,0.46107333479513046,4096,256,8,0,1009
in100.floorssl.s0.d256vm4zonly,50,cka_init,h.cls.L06,0.24576225290733356,4096,256,8,0,1009
in100.floorssl.s0.d256vm4zonly,50,cka_init,h.cls.L09,0.186226773741807,4096,256,8,0,1009
in100.floorssl.s0.d256vm4zonly,50,cka_init,h.gap,0.13960381306839031,4096,256,8,0,1009
in100.floorssl.s0.d256vm4zonly,50,cka_init,h.gap.L03,0.49331737059988706,4096,256,8,0,1009
in100.floorssl.s0.d256vm4zonly,50,cka_init,h.gap.L06,0.26990090210474693,4096,256,8,0,1009
in100.floorssl.s0.d256vm4zonly,50,cka_init,h.gap.L09,0.17614395094895013,4096,256,8,0,1009
in100.floorssl.s0.d256vm4zonly,50,ntk_align_init,h.cls,0.5290779629099266,4096,256,8,0,1009
in100.floorssl.s0.d256vm4zonly,50,ntk_cka_init,h.cls,0.36295849367016814,4096,256,8,0,1009
in100.floorssl.s0.d256vm4zonly,50,ntk_align_prev,h.cls,0.9992960369206705,4096,256,8,0,1009
in100.floorssl.s0.d256vm4zonly,50,ntk_fro,h.cls,454.1843330027673,4096,256,8,0,1009
in100.floorssl.s0.d256vm4zonly,75,cka_init,h.cls,0.12496327091749748,4096,256,8,0,1009
in100.floorssl.s0.d256vm4zonly,75,cka_init,h.cls.L03,0.4427301403536439,4096,256,8,0,1009
in100.floorssl.s0.d256vm4zonly,75,cka_init,h.cls.L06,0.23980925738648354,4096,256,8,0,1009
in100.floorssl.s0.d256vm4zonly,75,cka_init,h.cls.L09,0.1739194809284423,4096,256,8,0,1009
in100.floorssl.s0.d256vm4zonly,75,cka_init,h.gap,0.14904890642986768,4096,256,8,0,1009
in100.floorssl.s0.d256vm4zonly,75,cka_init,h.gap.L03,0.47460491064798,4096,256,8,0,1009
in100.floorssl.s0.d256vm4zonly,75,cka_init,h.gap.L06,0.26713094629321255,4096,256,8,0,1009
in100.floorssl.s0.d256vm4zonly,75,cka_init,h.gap.L09,0.18249165469736786,4096,256,8,0,1009
in100.floorssl.s0.d256vm4zonly,75,ntk_align_init,h.cls,0.5270398461553533,4096,256,8,0,1009
in100.floorssl.s0.d256vm4zonly,75,ntk_cka_init,h.cls,0.3438167219154541,4096,256,8,0,1009
in100.floorssl.s0.d256vm4zonly,75,ntk_align_prev,h.cls,0.9991591683598753,4096,256,8,0,1009
in100.floorssl.s0.d256vm4zonly,75,ntk_fro,h.cls,446.004007141647,4096,256,8,0,1009
in100.floorssl.s0.d256vm4zonly,100,cka_init,h.cls,0.10576755189685437,4096,256,8,0,1009
in100.floorssl.s0.d256vm4zonly,100,cka_init,h.cls.L03,0.39862246083082115,4096,256,8,0,1009
in100.floorssl.s0.d256vm4zonly,100,cka_init,h.cls.L06,0.2238861811945516,4096,256,8,0,1009
in100.floorssl.s0.d256vm4zonly,100,cka_init,h.cls.L09,0.16099534279091582,4096,256,8,0,1009
in100.floorssl.s0.d256vm4zonly,100,cka_init,h.gap,0.1167662065664547,4096,256,8,0,1009
in100.floorssl.s0.d256vm4zonly,100,cka_init,h.gap.L03,0.31614435461926194,4096,256,8,0,1009
in100.floorssl.s0.d256vm4zonly,100,cka_init,h.gap.L06,0.18509577722496115,4096,256,8,0,1009
in100.floorssl.s0.d256vm4zonly,100,cka_init,h.gap.L09,0.1367362036537211,4096,256,8,0,1009
in100.floorssl.s0.d256vm4zonly,100,ntk_align_init,h.cls,0.5293213938416822,4096,256,8,0,1009
in100.floorssl.s0.d256vm4zonly,100,ntk_cka_init,h.cls,0.36309031967997074,4096,256,8,0,1009
in100.floorssl.s0.d256vm4zonly,100,ntk_align_prev,h.cls,0.9997779594769881,4096,256,8,0,1009
in100.floorssl.s0.d256vm4zonly,100,ntk_fro,h.cls,466.0953982831341,4096,256,8,0,1009
