run_id,space,arm,epochs,best_val,best_ep,train_acc_at_best,final_val
in100.simclr.s0.ext,student.h.gap,raw,30,0.5116,29,0.5771,0.5116
in100.simclr.s0.ext,student.h.gap,raw,300,0.5584,267,0.6665,0.557
in100.simclr.s0.ext,student.h.gap,std,30,0.5526,29,0.663,0.5526
in100.simclr.s0.ext,student.h.gap,std,300,0.564,149,0.7104,0.5534
in100.simclr.s0.ext,student.h.gap,bn,30,0.5532,29,0.6619,0.5532
in100.simclr.s0.ext,student.h.gap,house,30,0.55,27,0.6521,0.544
in100.simclr.s0.ext,student.h.gap,house,300,0.56,65,0.6857,0.5484
in100.byol.s0.ext,student.h.gap,raw,30,0.508,29,0.5741,0.508
in100.byol.s0.ext,student.h.gap,raw,300,0.5608,275,0.6596,0.5576
in100.byol.s0.ext,student.h.gap,std,30,0.558,27,0.6673,0.5566
in100.byol.s0.ext,student.h.gap,std,300,0.5646,77,0.7,0.5548
in100.byol.s0.ext,student.h.gap,bn,30,0.5584,27,0.6663,0.5568
in100.byol.s0.ext,student.h.gap,house,30,0.5486,29,0.6474,0.5486
in100.byol.s0.ext,student.h.gap,house,300,0.562,114,0.6991,0.5456
in100.vicreg.s0.ext,student.h.gap,raw,30,0.5144,28,0.574,0.5124
in100.vicreg.s0.ext,student.h.gap,raw,300,0.582,296,0.6789,0.578
in100.vicreg.s0.ext,student.h.gap,std,30,0.582,29,0.7013,0.582
in100.vicreg.s0.ext,student.h.gap,std,300,0.592,108,0.7447,0.5754
in100.vicreg.s0.ext,student.h.gap,bn,30,0.584,29,0.6991,0.584
in100.vicreg.s0.ext,student.h.gap,house,30,0.5696,27,0.6633,0.5642
in100.vicreg.s0.ext,student.h.gap,house,300,0.5866,173,0.7383,0.5716
in100.mae.s0.ext,student.h.gap,raw,30,0.3772,28,0.4373,0.3732
in100.mae.s0.ext,student.h.gap,raw,300,0.424,297,0.5331,0.4214
in100.mae.s0.ext,student.h.gap,std,30,0.4218,25,0.5311,0.4196
in100.mae.s0.ext,student.h.gap,std,300,0.4328,91,0.5734,0.421
in100.mae.s0.ext,student.h.gap,bn,30,0.4196,22,0.5257,0.418
in100.mae.s0.ext,student.h.gap,house,30,0.4212,29,0.5255,0.4212
in100.mae.s0.ext,student.h.gap,house,300,0.4306,63,0.5563,0.4144
in100.dino.s0.ext,teacher.h.cls,raw,30,0.6852,19,0.7652,0.6834
in100.dino.s0.ext,teacher.h.cls,raw,300,0.6864,37,0.7824,0.6742
in100.dino.s0.ext,teacher.h.cls,std,30,0.6868,22,0.7953,0.6818
in100.dino.s0.ext,teacher.h.cls,std,300,0.6868,22,0.7953,0.662
in100.dino.s0.ext,teacher.h.cls,bn,30,0.6864,22,0.7956,0.6824
in100.dino.s0.ext,teacher.h.cls,house,30,0.6838,7,0.7664,0.678
in100.dino.s0.ext,teacher.h.cls,house,300,0.6838,7,0.7664,0.6492
in100.lejepa.s0.ext,student.z.embed,raw,30,0.588,28,0.6393,0.5804
in100.lejepa.s0.ext,student.z.embed,raw,300,0.6022,270,0.658,0.5942
in100.lejepa.s0.ext,student.z.embed,std,30,0.5956,27,0.6481,0.5848
in100.lejepa.s0.ext,student.z.embed,std,300,0.6118,281,0.6668,0.6006
in100.lejepa.s0.ext,student.z.embed,bn,30,0.595,28,0.6486,0.5872
in100.lejepa.s0.ext,student.z.embed,house,30,0.5934,19,0.6439,0.5862
in100.lejepa.s0.ext,student.z.embed,house,300,0.6084,281,0.6693,0.6014
