method,role,tap,branch,kind,r,sep_train,sep_heldout,n_quiet,sep_quiet,read_quiet,n_moderate,sep_moderate,read_moderate,n_thick,sep_thick,read_thick
VICReg,control,H,student,class,172,0.2776100263342287,0.23515602943076186,23,0.11235046075413853,0.09756381338910469,72,0.13081065762925326,0.08937391200812403,77,0.03444890795083686,0.013261833847078925
VICReg,control,H,student,attr,172,0.6989918870412523,0.7344594211559672,23,0.3495586379300881,0.3082546862445856,72,0.26294957435956434,0.17615536401495097,77,0.0864836747515998,0.030774933002591577
VICReg,control,Z,student,class,559,0.4856000027345081,0.36947515348562066,107,0.30934540793307674,0.27249399102178473,371,0.1621324750258204,0.11344772274022966,81,0.014122119775611064,0.006287645148831191
VICReg,control,Z,student,attr,559,0.6428159051792568,0.5867389987359719,107,0.380534216493598,0.3404377159344279,371,0.2280310131500165,0.1554721596323741,81,0.03425067553564231,0.014349579614476353
VICReg,treated,H,student,class,383,0.3983833512239594,0.31635753184308824,34,0.17174787460183086,0.14801263567874545,148,0.18536370903817334,0.12927079055799162,201,0.04127176758395511,0.01483453071045698
VICReg,treated,H,student,attr,383,0.7186326928451859,0.7392010510998202,34,0.3574422501845349,0.3144943674609533,148,0.2692846223898041,0.1818138583250477,201,0.09190582027084689,0.03329910604158361
VICReg,treated,Z,student,class,549,0.4978656920920611,0.3855144829756686,114,0.3242606178239215,0.2850731435926478,368,0.16236157283334884,0.11410149456689107,67,0.011243501434790769,0.0050444516418653084
VICReg,treated,Z,student,attr,549,0.633645376291718,0.582915397349854,114,0.38462540317399024,0.34379200996474707,368,0.21532483030120758,0.14764866258043813,67,0.033695142816520175,0.014310507299222215
SimCLR,control,H,student,class,128,0.1733273852018307,0.12976364030333276,11,0.045317527743087414,0.03927984486901474,66,0.10529731322931195,0.07080277536328052,51,0.022712544229431333,0.009191035612204265
SimCLR,control,H,student,attr,128,0.6895202416550238,0.725593792201757,11,0.21332135987478623,0.18720435966011065,66,0.37345325501887294,0.2612742583102719,51,0.1027456267613647,0.040058018998183585
SimCLR,control,Z,student,class,101,0.26855874731889706,0.2408494994996292,46,0.19273394234557634,0.16607094694853544,55,0.07582480497332081,0.05712599214336612,0,0.0,0.0
SimCLR,control,Z,student,attr,101,0.538180497907484,0.5410300175554479,46,0.3048238122966275,0.2659206805636309,55,0.23335668561085646,0.16759295675498662,0,0.0,0.0
SimCLR,treated,H,student,class,352,0.3363048452968215,0.24743032227125572,27,0.12882445250421712,0.11136322523674369,140,0.16464355825524893,0.11431158228258267,185,0.0428368345373554,0.015590889079765378
SimCLR,treated,H,student,attr,352,0.7244840241494898,0.7511161442339962,27,0.30329914566150173,0.26785347517742175,140,0.3142161917029498,0.21384414312883496,185,0.10696868678503829,0.03883165405581347
SimCLR,treated,Z,student,class,100,0.2922181617567454,0.26334864171136263,51,0.22475351651681016,0.19376271892759875,49,0.06746464523993517,0.05100901584891698,0,0.0,0.0
SimCLR,treated,Z,student,attr,100,0.5273888250197185,0.5317564083232398,51,0.32219926500562934,0.28194156192209213,49,0.20518956001408922,0.14904106718516313,0,0.0,0.0
BYOL,control,H,teacher,class,107,0.15776171857889337,0.11923535576426303,14,0.06173629856065396,0.0535245476776387,42,0.07225369233439052,0.049325273222263155,51,0.023771727683848855,0.00874797571532953
BYOL,control,H,teacher,attr,107,0.6768555152909236,0.726007525839473,14,0.2835983641944632,0.24846011809662283,42,0.28422068722924354,0.1952837289476486,51,0.10903646386721683,0.03821877787819359
BYOL,control,Z,teacher,class,41,0.11242981696138911,0.08544855420971786,15,0.06524428937974029,0.05643265837085385,23,0.04445179406080433,0.03161531669390161,3,0.0027337335208444877,0.0011247645604202361
BYOL,control,Z,teacher,attr,41,0.5513881304738258,0.5752109497649027,15,0.2852292856108207,0.24839069435180375,23,0.2543760797283063,0.17559531561559533,3,0.011782765134698827,0.005436887566692064
BYOL,treated,H,teacher,class,308,0.33770750095665547,0.26946321326066036,29,0.14503083389835741,0.12628753617015331,95,0.14387427214811935,0.09927374759302093,184,0.04880239491017867,0.01729612416997393
BYOL,treated,H,teacher,attr,308,0.7229645067200853,0.7566433652734614,29,0.34560585146922235,0.3057313364776565,95,0.27445281865181065,0.18554340841542027,184,0.10290583659905242,0.0360271309649996
BYOL,treated,Z,teacher,class,55,0.1730069457700559,0.14857050714354103,24,0.11093443320927945,0.09614719173112041,29,0.06036968650322508,0.04372621954116016,2,0.0017028260575513688,0.0006550584417298666
BYOL,treated,Z,teacher,attr,55,0.5497606459754113,0.5661458915128136,24,0.32388443255947996,0.28310873840228795,29,0.21805671747107278,0.1547558280928712,2,0.007819495944858501,0.0036095840442588755
DINO,control,H,teacher,class,206,0.2065394565557933,0.1493963435411858,10,0.04139220009146184,0.03580905895256153,76,0.12035730910797218,0.07980359904828005,120,0.0447899473563593,0.016629405130987332
DINO,control,H,teacher,attr,206,0.701185797498918,0.7509788831888176,10,0.20224471451081966,0.17718027358218774,76,0.3748819744114303,0.2574252840427233,120,0.12405910857666799,0.043096999832487534
DINO,control,Z,teacher,class,128,0.3274588577340808,0.3012959469138623,26,0.14545718035480792,0.12280072127376349,100,0.18118742061408902,0.13196088230246036,2,0.0008142567651838273,0.00032982701984193597
DINO,control,Z,teacher,attr,128,0.3557422626883048,0.34878290826381386,26,0.16624996795026611,0.14104465147321,100,0.17147351046588494,0.12136660804341026,2,0.01801878427215374,0.008484032303543882
DINO,treated,H,teacher,class,331,0.2680120118528314,0.182024009536228,11,0.04618147364567,0.03996235168925792,102,0.15835169069064925,0.10637226532877887,218,0.0634788475165122,0.022997752458205414
DINO,treated,H,teacher,attr,331,0.7128263047049797,0.7509045200304405,11,0.21375266627319237,0.18652908196140408,102,0.3741693254647871,0.25576494743041955,218,0.12490431296700025,0.044037325117464575
DINO,treated,Z,teacher,class,143,0.3453498018273879,0.3141016819927376,30,0.16584714864592962,0.13992206406490562,112,0.1792108334823053,0.13120032872949616,1,0.0002918196991529224,8.435091686282852e-05
DINO,treated,Z,teacher,attr,143,0.34161823156045934,0.33329457845221777,30,0.162883186691364,0.13876405035666634,112,0.17727531274201877,0.124557501493852,1,0.0014597321270765915,0.0004219377363846628
LeJEPA,control,H,student,class,94,0.22113470038386834,0.18776831355434132,26,0.13324436090333036,0.1198201450915739,42,0.07287985126682807,0.048121004673163874,26,0.01501048821370991,0.00616516478102137
LeJEPA,control,H,student,attr,94,0.6130080444117292,0.6320626671886778,26,0.3575642815784096,0.32519608617551926,42,0.18744668708022227,0.11906970394593541,26,0.06799707575309741,0.026646899026901667
LeJEPA,control,Z,student,class,16,0.08429866218941148,0.059141480291440174,16,0.08429866218941148,0.07826519698136411,0,0.0,0.0,0,0.0,0.0
LeJEPA,control,Z,student,attr,16,0.26912394496121966,0.2794665413994224,16,0.26912394496121966,0.2502944516908548,0,0.0,0.0,0,0.0,0.0
LeJEPA,treated,H,student,class,280,0.3750611151490585,0.3120111817315119,42,0.2146396333411722,0.1902490721779201,94,0.12314531239705302,0.08404708761645642,144,0.037276169410833185,0.013589333651447238
LeJEPA,treated,H,student,attr,280,0.6786532526570256,0.6927027744267786,42,0.37142407539133765,0.3381453470468773,94,0.21628480209703368,0.14158017797468062,144,0.09094437516865414,0.0330493964359531
LeJEPA,treated,Z,student,class,16,0.08741220880503167,0.0626884052620601,16,0.08741220880503167,0.08172516756641035,0,0.0,0.0,0,0.0,0.0
LeJEPA,treated,Z,student,attr,16,0.26838045073721944,0.2778765981629513,16,0.26838045073721944,0.2512824156591298,0,0.0,0.0,0,0.0,0.0
Ours,control,H,student,class,183,0.3440841019465982,0.3043435369188713,39,0.19388193003720977,0.17218359047882525,87,0.1281459752326058,0.08780761717435343,57,0.022056196676782585,0.00925239746419629
Ours,control,H,student,attr,183,0.6841961270023094,0.6971228083644523,39,0.39949053035178805,0.3620341454563687,87,0.22126808648671,0.1490495860391877,57,0.06343751016381131,0.025523001029864188
Ours,control,Z,student,class,209,0.47122332769915953,0.436845866323596,173,0.451776772317459,0.41178245302525207,36,0.01944655538170054,0.015046299013369525,0,0.0,0.0
Ours,control,Z,student,attr,209,0.4916168809426178,0.4670501347438193,173,0.4458327471433694,0.40900584582639343,36,0.04578413379924832,0.035248333536965604,0,0.0,0.0
Ours,treated,H,student,class,366,0.4842255419110283,0.41722456416840037,71,0.33903550812329064,0.30302917772157967,142,0.11600362742421037,0.08091123815891033,153,0.029186406363527283,0.011001434586231755
Ours,treated,H,student,attr,366,0.7075909326402599,0.7078671570434969,71,0.4309102114729259,0.39339119477896295,142,0.20749073707594243,0.13895358280743936,153,0.0691899840913914,0.02602102683511112
Ours,treated,Z,student,class,256,0.5184960656333412,0.48012563379577033,228,0.5061246045402917,0.46608036543521764,28,0.012371461093049365,0.009638573912500883,0,0.0,0.0
Ours,treated,Z,student,attr,256,0.49386751129584006,0.4548732686709661,228,0.46630646707658246,0.4311157492949927,28,0.027561044219257532,0.021426137262509273,0,0.0,0.0
VISReg,control,H,student,class,107,0.2122461761328094,0.17592787502424956,25,0.11150149955441238,0.09868339178388888,46,0.08067565524663209,0.053228002929838876,36,0.020069021331764948,0.008148608617493992
VISReg,control,H,student,attr,107,0.6328322509854549,0.6574402138089359,25,0.3871662395760614,0.3472023867669617,46,0.1643268777466621,0.10445335613366034,36,0.08133913366273136,0.03296899327418777
VISReg,control,Z,student,class,115,0.28993315666827363,0.2535312327461551,67,0.24791251011092227,0.21964782538465344,48,0.04202064655735134,0.03182834684443236,0,0.0,0.0
VISReg,control,Z,student,attr,115,0.4678585621828262,0.462747252934835,67,0.3932800546552936,0.3546277874735981,48,0.07457850752753258,0.056338927599551974,0,0.0,0.0
VISReg,treated,H,student,class,343,0.358236210763465,0.2791361726294468,49,0.2191610432343548,0.19256165966969727,79,0.09214098826885739,0.06325183942242085,215,0.04693417926025278,0.015878039936657304
VISReg,treated,H,student,attr,343,0.7007110270576737,0.7150150367062957,49,0.41170445485399043,0.37001549419728275,79,0.189604421140551,0.12801748552207246,215,0.09940215106313226,0.03494457128465985
VISReg,treated,Z,student,class,114,0.3369622003760728,0.3057917023228207,81,0.30555955885716074,0.2721939966589035,33,0.03140264151891202,0.02404635585993174,0,0.0,0.0
VISReg,treated,Z,student,attr,114,0.49131534952097417,0.48293165162082063,81,0.4165352634865685,0.3764102551814244,33,0.07478008603440561,0.05702093514887679,0,0.0,0.0
