run_id,train_manifest,val_manifest,space,probe,val_acc,n_train,n_val,num_classes
in100.dino-ctrl.ep100.parity,in100.linspace4000.v1,in100.val.v1,student.h.cls,linear_house_v1,0.5985999703407288,4000,5000,100
in100.dino-ctrl.ep100.parity,in100.linspace4000.v1,in100.val.v1,student.h.cls,linear_l2_v1,0.5378000140190125,4000,5000,100
in100.dino-ctrl.ep100.parity,in100.linspace4000.v1,in100.val.v1,student.h.cls,knn_v1_k200,0.5494,4000,5000,100
in100.dino-ctrl.ep100.parity,in100.linspace4000.v1,in100.val.v1,student.h.cls,knn_v1_k20,0.5436,4000,5000,100
in100.dino-ctrl.ep100.parity,in100.linspace4000.v1,in100.val.v1,student.h.gap,linear_house_v1,0.5131999850273132,4000,5000,100
in100.dino-ctrl.ep100.parity,in100.linspace4000.v1,in100.val.v1,student.h.gap,linear_l2_v1,0.3935999870300293,4000,5000,100
in100.dino-ctrl.ep100.parity,in100.linspace4000.v1,in100.val.v1,student.h.gap,knn_v1_k200,0.385,4000,5000,100
in100.dino-ctrl.ep100.parity,in100.linspace4000.v1,in100.val.v1,student.h.gap,knn_v1_k20,0.3936,4000,5000,100
in100.dino-ctrl.ep100.parity,in100.linspace4000.v1,in100.val.v1,student.z.dino.bottleneck,linear_house_v1,0.550000011920929,4000,5000,100
in100.dino-ctrl.ep100.parity,in100.linspace4000.v1,in100.val.v1,student.z.dino.bottleneck,linear_l2_v1,0.5241999626159668,4000,5000,100
in100.dino-ctrl.ep100.parity,in100.linspace4000.v1,in100.val.v1,student.z.dino.bottleneck,knn_v1_k200,0.5392,4000,5000,100
in100.dino-ctrl.ep100.parity,in100.linspace4000.v1,in100.val.v1,student.z.dino.bottleneck,knn_v1_k20,0.5382,4000,5000,100
in100.dino-ctrl.ep100.parity,in100.linspace4000.v1,in100.val.v1,student.z.dino.tap1,linear_house_v1,0.5839999914169312,4000,5000,100
in100.dino-ctrl.ep100.parity,in100.linspace4000.v1,in100.val.v1,student.z.dino.tap1,linear_l2_v1,0.5432000160217285,4000,5000,100
in100.dino-ctrl.ep100.parity,in100.linspace4000.v1,in100.val.v1,student.z.dino.tap1,knn_v1_k200,0.543,4000,5000,100
in100.dino-ctrl.ep100.parity,in100.linspace4000.v1,in100.val.v1,student.z.dino.tap1,knn_v1_k20,0.5436,4000,5000,100
in100.dino-ctrl.ep100.parity,in100.linspace4000.v1,in100.val.v1,student.z.dino.tap2,linear_house_v1,0.574999988079071,4000,5000,100
in100.dino-ctrl.ep100.parity,in100.linspace4000.v1,in100.val.v1,student.z.dino.tap2,linear_l2_v1,0.5227999687194824,4000,5000,100
in100.dino-ctrl.ep100.parity,in100.linspace4000.v1,in100.val.v1,student.z.dino.tap2,knn_v1_k200,0.502,4000,5000,100
in100.dino-ctrl.ep100.parity,in100.linspace4000.v1,in100.val.v1,student.z.dino.tap2,knn_v1_k20,0.5046,4000,5000,100
in100.dino-ctrl.ep100.parity,in100.linspace4000.v1,in100.val.v1,teacher.h.cls,linear_house_v1,0.5893999934196472,4000,5000,100
in100.dino-ctrl.ep100.parity,in100.linspace4000.v1,in100.val.v1,teacher.h.cls,linear_l2_v1,0.5370000004768372,4000,5000,100
in100.dino-ctrl.ep100.parity,in100.linspace4000.v1,in100.val.v1,teacher.h.cls,knn_v1_k200,0.5488,4000,5000,100
in100.dino-ctrl.ep100.parity,in100.linspace4000.v1,in100.val.v1,teacher.h.cls,knn_v1_k20,0.5466,4000,5000,100
in100.dino-ctrl.ep100.parity,in100.linspace4000.v1,in100.val.v1,teacher.h.gap,linear_house_v1,0.5131999850273132,4000,5000,100
in100.dino-ctrl.ep100.parity,in100.linspace4000.v1,in100.val.v1,teacher.h.gap,linear_l2_v1,0.3905999958515167,4000,5000,100
in100.dino-ctrl.ep100.parity,in100.linspace4000.v1,in100.val.v1,teacher.h.gap,knn_v1_k200,0.3866,4000,5000,100
in100.dino-ctrl.ep100.parity,in100.linspace4000.v1,in100.val.v1,teacher.h.gap,knn_v1_k20,0.3914,4000,5000,100
in100.dino-ctrl.ep100.parity,in100.linspace4000.v1,in100.val.v1,teacher.z.dino.bottleneck,linear_house_v1,0.5532000064849854,4000,5000,100
in100.dino-ctrl.ep100.parity,in100.linspace4000.v1,in100.val.v1,teacher.z.dino.bottleneck,linear_l2_v1,0.5245999693870544,4000,5000,100
in100.dino-ctrl.ep100.parity,in100.linspace4000.v1,in100.val.v1,teacher.z.dino.bottleneck,knn_v1_k200,0.5388,4000,5000,100
in100.dino-ctrl.ep100.parity,in100.linspace4000.v1,in100.val.v1,teacher.z.dino.bottleneck,knn_v1_k20,0.536,4000,5000,100
in100.dino-ctrl.ep100.parity,in100.linspace4000.v1,in100.val.v1,teacher.z.dino.tap1,linear_house_v1,0.5843999981880188,4000,5000,100
in100.dino-ctrl.ep100.parity,in100.linspace4000.v1,in100.val.v1,teacher.z.dino.tap1,linear_l2_v1,0.54339998960495,4000,5000,100
in100.dino-ctrl.ep100.parity,in100.linspace4000.v1,in100.val.v1,teacher.z.dino.tap1,knn_v1_k200,0.544,4000,5000,100
in100.dino-ctrl.ep100.parity,in100.linspace4000.v1,in100.val.v1,teacher.z.dino.tap1,knn_v1_k20,0.5432,4000,5000,100
in100.dino-ctrl.ep100.parity,in100.linspace4000.v1,in100.val.v1,teacher.z.dino.tap2,linear_house_v1,0.5776000022888184,4000,5000,100
in100.dino-ctrl.ep100.parity,in100.linspace4000.v1,in100.val.v1,teacher.z.dino.tap2,linear_l2_v1,0.5263999700546265,4000,5000,100
in100.dino-ctrl.ep100.parity,in100.linspace4000.v1,in100.val.v1,teacher.z.dino.tap2,knn_v1_k200,0.5194,4000,5000,100
in100.dino-ctrl.ep100.parity,in100.linspace4000.v1,in100.val.v1,teacher.z.dino.tap2,knn_v1_k20,0.5212,4000,5000,100
