run_id,train_manifest,val_manifest,space,probe,val_acc,n_train,n_val,num_classes,best_ep,epochs_run
in100.simclr.s0.ext,in100.train500.v1,in100.val.v1,student.h.cls,linear_raw_v1,0.585599958896637,50000,5000,100,26.0,30.0
in100.simclr.s0.ext,in100.train500.v1,in100.val.v1,student.h.cls,linear_raw_v2,0.6060000061988831,50000,5000,100,231.0,352.0
in100.simclr.s0.ext,in100.train500.v1,in100.val.v1,student.h.cls,linear_house_v1,0.5956000089645386,50000,5000,100,24.0,30.0
in100.simclr.s0.ext,in100.train500.v1,in100.val.v1,student.h.cls,linear_house_v2,0.5977999567985535,50000,5000,100,59.0,180.0
in100.simclr.s0.ext,in100.train500.v1,in100.val.v1,student.h.cls,linear_l2_v1,0.5507999658584595,50000,5000,100,29.0,30.0
in100.simclr.s0.ext,in100.train500.v1,in100.val.v1,student.h.cls,linear_l2_v2,0.5995999574661255,50000,5000,100,616.0,737.0
in100.simclr.s0.ext,in100.train500.v1,in100.val.v1,student.h.cls,knn_v1_k200,0.4944,50000,5000,100,,
in100.simclr.s0.ext,in100.train500.v1,in100.val.v1,student.h.cls,knn_v1_k20,0.5232,50000,5000,100,,
in100.simclr.s0.ext,in100.train500.v1,in100.val.v1,student.h.gap,linear_raw_v1,0.5115999579429626,50000,5000,100,29.0,30.0
in100.simclr.s0.ext,in100.train500.v1,in100.val.v1,student.h.gap,linear_raw_v2,0.5659999847412109,50000,5000,100,647.0,768.0
in100.simclr.s0.ext,in100.train500.v1,in100.val.v1,student.h.gap,linear_house_v1,0.550000011920929,50000,5000,100,27.0,30.0
in100.simclr.s0.ext,in100.train500.v1,in100.val.v1,student.h.gap,linear_house_v2,0.5600000023841858,50000,5000,100,65.0,186.0
in100.simclr.s0.ext,in100.train500.v1,in100.val.v1,student.h.gap,linear_l2_v1,0.44419997930526733,50000,5000,100,28.0,30.0
in100.simclr.s0.ext,in100.train500.v1,in100.val.v1,student.h.gap,linear_l2_v2,0.5590000152587891,50000,5000,100,989.0,1000.0
in100.simclr.s0.ext,in100.train500.v1,in100.val.v1,student.h.gap,knn_v1_k200,0.3822,50000,5000,100,,
in100.simclr.s0.ext,in100.train500.v1,in100.val.v1,student.h.gap,knn_v1_k20,0.4132,50000,5000,100,,
in100.simclr.s0.ext,in100.train500.v1,in100.val.v1,student.z.proj.out,linear_raw_v1,0.5351999998092651,50000,5000,100,14.0,30.0
in100.simclr.s0.ext,in100.train500.v1,in100.val.v1,student.z.proj.out,linear_raw_v2,0.5410000085830688,50000,5000,100,245.0,366.0
in100.simclr.s0.ext,in100.train500.v1,in100.val.v1,student.z.proj.out,linear_house_v1,0.5383999943733215,50000,5000,100,20.0,30.0
in100.simclr.s0.ext,in100.train500.v1,in100.val.v1,student.z.proj.out,linear_house_v2,0.5482000112533569,50000,5000,100,165.0,286.0
in100.simclr.s0.ext,in100.train500.v1,in100.val.v1,student.z.proj.out,linear_l2_v1,0.5324000120162964,50000,5000,100,29.0,30.0
in100.simclr.s0.ext,in100.train500.v1,in100.val.v1,student.z.proj.out,linear_l2_v2,0.545199990272522,50000,5000,100,416.0,537.0
in100.simclr.s0.ext,in100.train500.v1,in100.val.v1,student.z.proj.out,knn_v1_k200,0.5114,50000,5000,100,,
in100.simclr.s0.ext,in100.train500.v1,in100.val.v1,student.z.proj.out,knn_v1_k20,0.5162,50000,5000,100,,
in100.simclr.s0.ext,in100.train500.v1,in100.val.v1,student.z.proj.tap1,linear_raw_v1,0.5827999711036682,50000,5000,100,20.0,30.0
in100.simclr.s0.ext,in100.train500.v1,in100.val.v1,student.z.proj.tap1,linear_raw_v2,0.5827999711036682,50000,5000,100,20.0,141.0
in100.simclr.s0.ext,in100.train500.v1,in100.val.v1,student.z.proj.tap1,linear_house_v1,0.562999963760376,50000,5000,100,2.0,30.0
in100.simclr.s0.ext,in100.train500.v1,in100.val.v1,student.z.proj.tap1,linear_house_v2,0.562999963760376,50000,5000,100,2.0,123.0
in100.simclr.s0.ext,in100.train500.v1,in100.val.v1,student.z.proj.tap1,linear_l2_v1,0.564799964427948,50000,5000,100,29.0,30.0
in100.simclr.s0.ext,in100.train500.v1,in100.val.v1,student.z.proj.tap1,linear_l2_v2,0.5830000042915344,50000,5000,100,90.0,211.0
in100.simclr.s0.ext,in100.train500.v1,in100.val.v1,student.z.proj.tap1,knn_v1_k200,0.521,50000,5000,100,,
in100.simclr.s0.ext,in100.train500.v1,in100.val.v1,student.z.proj.tap1,knn_v1_k20,0.528,50000,5000,100,,
