run_id,protocol,epoch,lr,train_loss,val_top1,val_top5
in1k.floorssl.s0.e27lm4s5b.extL,lightly_mae_linear,1,0.0436,2.9458903395395866,0.6065,0.83186
in1k.floorssl.s0.e27lm4s5b.extL,lightly_mae_linear,2,0.08320000000000001,1.7028892182236572,0.64864,0.86108
in1k.floorssl.s0.e27lm4s5b.extL,lightly_mae_linear,3,0.1228,1.552920485667283,0.66198,0.86956
in1k.floorssl.s0.e27lm4s5b.extL,lightly_mae_linear,4,0.16240000000000002,1.5046948520399683,0.66204,0.87002
in1k.floorssl.s0.e27lm4s5b.extL,lightly_mae_linear,5,0.202,1.4943771298459585,0.65864,0.867
in1k.floorssl.s0.e27lm4s5b.extL,lightly_mae_linear,6,0.2416,1.504900093558881,0.65218,0.86598
in1k.floorssl.s0.e27lm4s5b.extL,lightly_mae_linear,7,0.28120000000000006,1.5265360205388852,0.65084,0.86154
in1k.floorssl.s0.e27lm4s5b.extL,lightly_mae_linear,8,0.32080000000000003,1.5582507004459605,0.64564,0.8607
in1k.floorssl.s0.e27lm4s5b.extL,lightly_mae_linear,9,0.36040000000000005,1.5960762761860823,0.6405,0.8565
in1k.floorssl.s0.e27lm4s5b.extL,lightly_mae_linear,10,0.4,1.641903029928962,0.63746,0.85406
in1k.floorssl.s0.e27lm4s5b.extL,lightly_mae_linear,11,0.39984596144089646,1.6722154901277342,0.63406,0.85218
in1k.floorssl.s0.e27lm4s5b.extL,lightly_mae_linear,12,0.399384083279879,1.672827556741228,0.64198,0.85204
in1k.floorssl.s0.e27lm4s5b.extL,lightly_mae_linear,13,0.3986150776995943,1.6670157668306578,0.63952,0.85168
in1k.floorssl.s0.e27lm4s5b.extL,lightly_mae_linear,14,0.3975401304509085,1.6675914369708151,0.63604,0.85254
in1k.floorssl.s0.e27lm4s5b.extL,lightly_mae_linear,15,0.39616089902456547,1.6642730479046024,0.63564,0.85108
in1k.floorssl.s0.e27lm4s5b.extL,lightly_mae_linear,16,0.3944795100954558,1.6646919305757177,0.63706,0.85314
in1k.floorssl.s0.e27lm4s5b.extL,lightly_mae_linear,17,0.3924985562434387,1.6626346092239368,0.6393,0.85248
in1k.floorssl.s0.e27lm4s5b.extL,lightly_mae_linear,18,0.3902210919557717,1.6603771412877633,0.64412,0.85236
in1k.floorssl.s0.e27lm4s5b.extL,lightly_mae_linear,19,0.3876506289173124,1.6552040633156622,0.64108,0.85534
in1k.floorssl.s0.e27lm4s5b.extL,lightly_mae_linear,20,0.3847911305957551,1.6513808837992776,0.6394,0.85224
in1k.floorssl.s0.e27lm4s5b.extL,lightly_mae_linear,21,0.38164700613025127,1.6456156809934133,0.64094,0.85444
in1k.floorssl.s0.e27lm4s5b.extL,lightly_mae_linear,22,0.3782231035328359,1.6435643770902468,0.64004,0.85362
in1k.floorssl.s0.e27lm4s5b.extL,lightly_mae_linear,23,0.3745247022131449,1.6365509734546346,0.63922,0.8541
in1k.floorssl.s0.e27lm4s5b.extL,lightly_mae_linear,24,0.37055750483794764,1.6305280083375011,0.6429,0.85442
in1k.floorssl.s0.e27lm4s5b.extL,lightly_mae_linear,25,0.36632762853804857,1.6274266056210207,0.64388,0.8538
in1k.floorssl.s0.e27lm4s5b.extL,lightly_mae_linear,26,0.3618415954761145,1.6194303565555148,0.64214,0.85476
in1k.floorssl.s0.e27lm4s5b.extL,lightly_mae_linear,27,0.35710632278997284,1.6158008867030522,0.64462,0.85554
in1k.floorssl.s0.e27lm4s5b.extL,lightly_mae_linear,28,0.35212911192688623,1.6089121066123175,0.64506,0.85496
in1k.floorssl.s0.e27lm4s5b.extL,lightly_mae_linear,29,0.34691763738525,1.601746304715566,0.64242,0.8566
in1k.floorssl.s0.e27lm4s5b.extL,lightly_mae_linear,30,0.3414799348810722,1.592468185009335,0.6475,0.85664
in1k.floorssl.s0.e27lm4s5b.extL,lightly_mae_linear,31,0.33582438895748185,1.5907828206543346,0.6465,0.85578
in1k.floorssl.s0.e27lm4s5b.extL,lightly_mae_linear,32,0.3299597200563707,1.5820942722636162,0.6472,0.85622
in1k.floorssl.s0.e27lm4s5b.extL,lightly_mae_linear,33,0.32389497107210485,1.5728241159475678,0.64614,0.85672
in1k.floorssl.s0.e27lm4s5b.extL,lightly_mae_linear,34,0.31763949340803616,1.5646506061942742,0.64568,0.85944
in1k.floorssl.s0.e27lm4s5b.extL,lightly_mae_linear,35,0.3112029325573165,1.5583636667326295,0.64712,0.85794
in1k.floorssl.s0.e27lm4s5b.extL,lightly_mae_linear,36,0.3045952132302466,1.5489781326908383,0.64796,0.86058
in1k.floorssl.s0.e27lm4s5b.extL,lightly_mae_linear,37,0.29782652405109167,1.5449239197585414,0.65138,0.85788
in1k.floorssl.s0.e27lm4s5b.extL,lightly_mae_linear,38,0.2909073018479615,1.533730420277273,0.6495,0.85968
in1k.floorssl.s0.e27lm4s5b.extL,lightly_mae_linear,39,0.28384821555997813,1.524718147197025,0.65454,0.86112
in1k.floorssl.s0.e27lm4s5b.extL,lightly_mae_linear,40,0.27666014978654496,1.5160477445375242,0.6514,0.86148
in1k.floorssl.s0.e27lm4s5b.extL,lightly_mae_linear,41,0.2693541880040831,1.5084151128689638,0.65572,0.86112
in1k.floorssl.s0.e27lm4s5b.extL,lightly_mae_linear,42,0.2619415954761145,1.4982839472097553,0.65466,0.86292
in1k.floorssl.s0.e27lm4s5b.extL,lightly_mae_linear,43,0.2544338018830418,1.491622671806555,0.65392,0.86296
in1k.floorssl.s0.e27lm4s5b.extL,lightly_mae_linear,44,0.24684238369840994,1.480386676929361,0.65566,0.86286
in1k.floorssl.s0.e27lm4s5b.extL,lightly_mae_linear,45,0.23917904633882242,1.4769783691822482,0.65804,0.86486
in1k.floorssl.s0.e27lm4s5b.extL,lightly_mae_linear,46,0.23145560611503813,1.4648317059548162,0.6582,0.86482
in1k.floorssl.s0.e27lm4s5b.extL,lightly_mae_linear,47,0.223683972012076,1.4556297135295915,0.65886,0.86482
in1k.floorssl.s0.e27lm4s5b.extL,lightly_mae_linear,48,0.21587612732642347,1.4516376577121177,0.66288,0.86512
in1k.floorssl.s0.e27lm4s5b.extL,lightly_mae_linear,49,0.20804411118866192,1.4399909198427085,0.66072,0.86512
in1k.floorssl.s0.e27lm4s5b.extL,lightly_mae_linear,50,0.20020000000000004,1.4314447881506502,0.66252,0.8669
in1k.floorssl.s0.e27lm4s5b.extL,lightly_mae_linear,51,0.1923558888113381,1.4217802278524776,0.66224,0.86662
in1k.floorssl.s0.e27lm4s5b.extL,lightly_mae_linear,52,0.18452387267357662,1.4122734653959266,0.66428,0.86736
in1k.floorssl.s0.e27lm4s5b.extL,lightly_mae_linear,53,0.17671602798792402,1.4059232809751345,0.6637,0.86834
in1k.floorssl.s0.e27lm4s5b.extL,lightly_mae_linear,54,0.16894439388496188,1.3984258677080856,0.66712,0.86908
in1k.floorssl.s0.e27lm4s5b.extL,lightly_mae_linear,55,0.1612209536611776,1.3900811609318502,0.66602,0.86882
in1k.floorssl.s0.e27lm4s5b.extL,lightly_mae_linear,56,0.1535576163015901,1.3830012077336118,0.66742,0.86916
in1k.floorssl.s0.e27lm4s5b.extL,lightly_mae_linear,57,0.14596619811695818,1.3728364348697433,0.66734,0.86978
in1k.floorssl.s0.e27lm4s5b.extL,lightly_mae_linear,58,0.13845840452388553,1.3670564218104886,0.6702,0.86978
in1k.floorssl.s0.e27lm4s5b.extL,lightly_mae_linear,59,0.13104581199591692,1.362124564264604,0.66982,0.87006
in1k.floorssl.s0.e27lm4s5b.extL,lightly_mae_linear,60,0.12373985021345509,1.3508930165323614,0.67078,0.87138
in1k.floorssl.s0.e27lm4s5b.extL,lightly_mae_linear,61,0.11655178444002193,1.348543590683636,0.67252,0.87078
in1k.floorssl.s0.e27lm4s5b.extL,lightly_mae_linear,62,0.10949269815203858,1.3390281462459732,0.6726,0.87124
in1k.floorssl.s0.e27lm4s5b.extL,lightly_mae_linear,63,0.10257347594890848,1.334697960377883,0.6728,0.873
in1k.floorssl.s0.e27lm4s5b.extL,lightly_mae_linear,64,0.09580478676975343,1.326633606025641,0.67534,0.87288
in1k.floorssl.s0.e27lm4s5b.extL,lightly_mae_linear,65,0.08919706744268346,1.3200806630887,0.67466,0.87352
in1k.floorssl.s0.e27lm4s5b.extL,lightly_mae_linear,66,0.08276050659196389,1.3131365633125214,0.67348,0.87368
in1k.floorssl.s0.e27lm4s5b.extL,lightly_mae_linear,67,0.07650502892789515,1.305882366631719,0.67722,0.87384
in1k.floorssl.s0.e27lm4s5b.extL,lightly_mae_linear,68,0.07044027994362932,1.2996122150017109,0.6784,0.87416
in1k.floorssl.s0.e27lm4s5b.extL,lightly_mae_linear,69,0.06457561104251829,1.295993849242048,0.67746,0.87452
in1k.floorssl.s0.e27lm4s5b.extL,lightly_mae_linear,70,0.05892006511892783,1.2892902187115665,0.67976,0.87496
in1k.floorssl.s0.e27lm4s5b.extL,lightly_mae_linear,71,0.053482362614750006,1.2833212330091677,0.68102,0.87556
in1k.floorssl.s0.e27lm4s5b.extL,lightly_mae_linear,72,0.048270888073113825,1.279427992258903,0.68156,0.87522
in1k.floorssl.s0.e27lm4s5b.extL,lightly_mae_linear,73,0.04329367721002714,1.2745401892635366,0.68042,0.87524
in1k.floorssl.s0.e27lm4s5b.extL,lightly_mae_linear,74,0.03855840452388552,1.2720119871205087,0.68268,0.87516
in1k.floorssl.s0.e27lm4s5b.extL,lightly_mae_linear,75,0.03407237146195151,1.2677129487053667,0.68198,0.87602
in1k.floorssl.s0.e27lm4s5b.extL,lightly_mae_linear,76,0.029842495162052386,1.2635346140316446,0.68206,0.8755
in1k.floorssl.s0.e27lm4s5b.extL,lightly_mae_linear,77,0.02587529778685517,1.2592331679890767,0.6821,0.8761
in1k.floorssl.s0.e27lm4s5b.extL,lightly_mae_linear,78,0.022176896467164118,1.255193631902492,0.68312,0.87576
in1k.floorssl.s0.e27lm4s5b.extL,lightly_mae_linear,79,0.01875299386974879,1.252465510349289,0.68372,0.87594
in1k.floorssl.s0.e27lm4s5b.extL,lightly_mae_linear,80,0.015608869404244888,1.2479002340425023,0.685,0.87616
in1k.floorssl.s0.e27lm4s5b.extL,lightly_mae_linear,81,0.012749371082687665,1.2463276943714499,0.6848,0.87648
in1k.floorssl.s0.e27lm4s5b.extL,lightly_mae_linear,82,0.010178908044228325,1.2447448991757217,0.6843,0.87654
in1k.floorssl.s0.e27lm4s5b.extL,lightly_mae_linear,83,0.007901443756561297,1.242035264115063,0.68418,0.87672
in1k.floorssl.s0.e27lm4s5b.extL,lightly_mae_linear,84,0.005920489904544224,1.2389873430120955,0.68488,0.87704
in1k.floorssl.s0.e27lm4s5b.extL,lightly_mae_linear,85,0.0042391009754345595,1.2373633633414618,0.68478,0.87698
in1k.floorssl.s0.e27lm4s5b.extL,lightly_mae_linear,86,0.002859869549091496,1.2368957027256917,0.6848,0.87672
in1k.floorssl.s0.e27lm4s5b.extL,lightly_mae_linear,87,0.0017849223004057268,1.2375837478706304,0.68514,0.8765
in1k.floorssl.s0.e27lm4s5b.extL,lightly_mae_linear,88,0.0010159167201210329,1.233731616219933,0.68502,0.87688
in1k.floorssl.s0.e27lm4s5b.extL,lightly_mae_linear,89,0.0005540385591035644,1.2351397587526902,0.68512,0.87694
in1k.floorssl.s0.e27lm4s5b.extL,lightly_mae_linear,90,0.0004,1.2330324096168928,0.68548,0.87672
